date_open,open,high,low,close,volume,date_close
2024-08-31 16:00:00,7.484,7.484,7.484,7.484,2.21,2024-08-31 17:00:00
2024-08-31 17:00:00,7.455,7.489,7.44,7.485,18.23,2024-08-31 18:00:00
2024-08-31 18:00:00,7.526,7.526,7.526,7.526,0.87,2024-08-31 19:00:00
2024-08-31 19:00:00,7.505,7.505,7.504,7.504,33.12,2024-08-31 20:00:00
2024-08-31 20:00:00,7.504,7.504,7.504,7.504,0.0,2024-08-31 21:00:00
2024-08-31 21:00:00,7.523,7.568,7.523,7.568,22.76,2024-08-31 22:00:00
2024-08-31 22:00:00,7.568,7.568,7.568,7.568,0.0,2024-08-31 23:00:00
2024-08-31 23:00:00,7.551,7.551,7.549,7.549,165.57,2024-09-01 00:00:00
2024-09-01 00:00:00,7.549,7.549,7.549,7.549,0.0,2024-09-01 01:00:00
2024-09-01 01:00:00,7.526,7.526,7.484,7.484,1.74,2024-09-01 02:00:00
2024-09-01 02:00:00,7.436,7.436,7.436,7.436,27.14,2024-09-01 03:00:00
2024-09-01 03:00:00,7.436,7.436,7.436,7.436,0.0,2024-09-01 04:00:00
2024-09-01 04:00:00,7.436,7.436,7.436,7.436,0.0,2024-09-01 05:00:00
2024-09-01 05:00:00,7.375,7.375,7.36,7.36,16.01,2024-09-01 06:00:00
2024-09-01 06:00:00,7.36,7.36,7.36,7.36,0.0,2024-09-01 07:00:00
2024-09-01 07:00:00,7.409,7.409,7.409,7.409,1.35,2024-09-01 08:00:00
2024-09-01 08:00:00,7.408,7.408,7.408,7.408,9.83,2024-09-01 09:00:00
2024-09-01 09:00:00,7.374,7.374,7.371,7.371,2.72,2024-09-01 10:00:00
2024-09-01 10:00:00,7.346,7.346,7.324,7.324,50.85,2024-09-01 11:00:00
2024-09-01 11:00:00,7.3,7.3,7.3,7.3,1.0,2024-09-01 12:00:00
2024-09-01 12:00:00,7.3,7.3,7.3,7.3,0.0,2024-09-01 13:00:00
2024-09-01 13:00:00,7.3,7.3,7.3,7.3,0.0,2024-09-01 14:00:00
2024-09-01 14:00:00,7.26,7.321,7.212,7.321,166.04,2024-09-01 15:00:00
2024-09-01 15:00:00,7.349,7.426,7.349,7.426,52.98,2024-09-01 16:00:00
2024-09-01 16:00:00,7.33,7.33,7.33,7.33,3.71,2024-09-01 17:00:00
2024-09-01 17:00:00,7.293,7.293,7.257,7.257,12.49,2024-09-01 18:00:00
2024-09-01 18:00:00,7.351,7.426,7.351,7.426,29.61,2024-09-01 19:00:00
2024-09-01 19:00:00,7.426,7.426,7.426,7.426,0.0,2024-09-01 20:00:00
2024-09-01 20:00:00,7.426,7.426,7.426,7.426,0.0,2024-09-01 21:00:00
2024-09-01 21:00:00,7.38,7.38,7.33,7.33,3.98,2024-09-01 22:00:00
2024-09-01 22:00:00,7.306,7.306,7.1,7.1,212.96,2024-09-01 23:00:00
2024-09-01 23:00:00,7.123,7.206,7.123,7.206,4.56,2024-09-02 00:00:00
2024-09-02 00:00:00,7.206,7.206,7.206,7.206,0.0,2024-09-02 01:00:00
2024-09-02 01:00:00,7.206,7.206,7.206,7.206,0.0,2024-09-02 02:00:00
2024-09-02 02:00:00,7.222,7.223,7.222,7.223,21.18,2024-09-02 03:00:00
2024-09-02 03:00:00,7.223,7.223,7.223,7.223,0.0,2024-09-02 04:00:00
2024-09-02 04:00:00,7.238,7.238,7.238,7.238,0.91,2024-09-02 05:00:00
2024-09-02 05:00:00,7.269,7.295,7.269,7.295,36.7,2024-09-02 06:00:00
2024-09-02 06:00:00,7.272,7.272,7.272,7.272,0.63,2024-09-02 07:00:00
2024-09-02 07:00:00,7.158,7.158,7.123,7.123,8.91,2024-09-02 08:00:00
2024-09-02 08:00:00,7.2,7.295,7.2,7.295,71.2,2024-09-02 09:00:00
2024-09-02 09:00:00,7.314,7.315,7.314,7.315,5.84,2024-09-02 10:00:00
2024-09-02 10:00:00,7.342,7.413,7.342,7.413,64.47,2024-09-02 11:00:00
2024-09-02 11:00:00,7.357,7.357,7.357,7.357,5.14,2024-09-02 12:00:00
2024-09-02 12:00:00,7.357,7.357,7.357,7.357,0.0,2024-09-02 13:00:00
2024-09-02 13:00:00,7.293,7.293,7.293,7.293,3.72,2024-09-02 14:00:00
2024-09-02 14:00:00,7.257,7.387,7.257,7.387,81.38,2024-09-02 15:00:00
2024-09-02 15:00:00,7.394,7.409,7.394,7.409,63.02,2024-09-02 16:00:00
2024-09-02 16:00:00,7.425,7.426,7.425,7.426,5.79,2024-09-02 17:00:00
2024-09-02 17:00:00,7.379,7.379,7.379,7.379,308.63,2024-09-02 18:00:00
2024-09-02 18:00:00,7.379,7.379,7.379,7.379,0.0,2024-09-02 19:00:00
2024-09-02 19:00:00,7.389,7.389,7.388,7.388,1.88,2024-09-02 20:00:00
2024-09-02 20:00:00,7.391,7.492,7.391,7.492,101.28,2024-09-02 21:00:00
2024-09-02 21:00:00,7.496,7.5,7.496,7.5,5.93,2024-09-02 22:00:00
2024-09-02 22:00:00,7.5,7.514,7.5,7.514,9.69,2024-09-02 23:00:00
2024-09-02 23:00:00,7.526,7.54,7.526,7.538,9.21,2024-09-03 00:00:00
2024-09-03 00:00:00,7.538,7.538,7.538,7.538,0.0,2024-09-03 01:00:00
2024-09-03 01:00:00,7.562,7.562,7.513,7.513,40.83,2024-09-03 02:00:00
2024-09-03 02:00:00,7.568,7.626,7.568,7.606,94.38,2024-09-03 03:00:00
2024-09-03 03:00:00,7.568,7.568,7.568,7.568,0.86,2024-09-03 04:00:00
2024-09-03 04:00:00,7.526,7.526,7.484,7.484,5.35,2024-09-03 05:00:00
2024-09-03 05:00:00,7.478,7.526,7.478,7.526,4.5,2024-09-03 06:00:00
2024-09-03 06:00:00,7.484,7.484,7.484,7.484,0.87,2024-09-03 07:00:00
2024-09-03 07:00:00,7.526,7.526,7.526,7.526,0.87,2024-09-03 08:00:00
2024-09-03 08:00:00,7.484,7.484,7.44,7.44,12.57,2024-09-03 09:00:00
2024-09-03 09:00:00,7.441,7.441,7.436,7.436,28.79,2024-09-03 10:00:00
2024-09-03 10:00:00,7.436,7.436,7.436,7.436,0.0,2024-09-03 11:00:00
2024-09-03 11:00:00,7.461,7.461,7.461,7.461,1.31,2024-09-03 12:00:00
2024-09-03 12:00:00,7.473,7.473,7.473,7.473,5.03,2024-09-03 13:00:00
2024-09-03 13:00:00,7.404,7.404,7.293,7.293,56.28,2024-09-03 14:00:00
2024-09-03 14:00:00,7.262,7.262,7.257,7.257,19.09,2024-09-03 15:00:00
2024-09-03 15:00:00,7.238,7.238,7.158,7.158,66.5,2024-09-03 16:00:00
2024-09-03 16:00:00,7.189,7.209,7.189,7.209,7.54,2024-09-03 17:00:00
2024-09-03 17:00:00,7.228,7.238,7.225,7.238,5.91,2024-09-03 18:00:00
2024-09-03 18:00:00,7.238,7.238,7.238,7.238,0.0,2024-09-03 19:00:00
2024-09-03 19:00:00,7.242,7.242,7.241,7.241,30.64,2024-09-03 20:00:00
2024-09-03 20:00:00,7.241,7.241,7.241,7.241,0.0,2024-09-03 21:00:00
2024-09-03 21:00:00,7.256,7.256,7.252,7.252,5.0,2024-09-03 22:00:00
2024-09-03 22:00:00,7.259,7.259,7.249,7.249,8.93,2024-09-03 23:00:00
2024-09-03 23:00:00,7.158,7.158,7.151,7.151,3.04,2024-09-04 00:00:00
2024-09-04 00:00:00,7.131,7.131,7.106,7.106,35.3,2024-09-04 01:00:00
2024-09-04 01:00:00,7.078,7.096,6.896,7.093,204.28,2024-09-04 02:00:00
2024-09-04 02:00:00,7.096,7.096,7.093,7.093,10.04,2024-09-04 03:00:00
2024-09-04 03:00:00,7.158,7.188,7.158,7.188,43.45,2024-09-04 04:00:00
2024-09-04 04:00:00,7.204,7.204,7.204,7.204,2.09,2024-09-04 05:00:00
2024-09-04 05:00:00,7.204,7.204,7.204,7.204,0.0,2024-09-04 06:00:00
2024-09-04 06:00:00,7.204,7.204,7.204,7.204,0.0,2024-09-04 07:00:00
2024-09-04 07:00:00,7.23,7.271,7.23,7.271,59.45,2024-09-04 08:00:00
2024-09-04 08:00:00,7.271,7.271,7.271,7.271,0.0,2024-09-04 09:00:00
2024-09-04 09:00:00,7.25,7.295,7.249,7.292,15.52,2024-09-04 10:00:00
2024-09-04 10:00:00,7.158,7.158,7.158,7.158,0.91,2024-09-04 11:00:00
2024-09-04 11:00:00,7.238,7.238,7.238,7.238,0.91,2024-09-04 12:00:00
2024-09-04 12:00:00,7.238,7.238,7.238,7.238,0.0,2024-09-04 13:00:00
2024-09-04 13:00:00,7.222,7.25,7.216,7.25,156.11,2024-09-04 14:00:00
2024-09-04 14:00:00,7.314,7.511,7.314,7.511,150.86,2024-09-04 15:00:00
2024-09-04 15:00:00,7.514,7.54,7.474,7.54,59.72,2024-09-04 16:00:00
2024-09-04 16:00:00,7.568,7.738,7.568,7.738,138.56,2024-09-04 17:00:00
2024-09-04 17:00:00,7.739,7.754,7.63,7.65,56.77,2024-09-04 18:00:00
2024-09-04 18:00:00,7.611,7.611,7.592,7.592,4.44,2024-09-04 19:00:00
2024-09-04 19:00:00,7.568,7.568,7.549,7.549,39.63,2024-09-04 20:00:00
2024-09-04 20:00:00,7.551,7.559,7.548,7.559,3.21,2024-09-04 21:00:00
2024-09-04 21:00:00,7.611,7.649,7.611,7.649,7.25,2024-09-04 22:00:00
2024-09-04 22:00:00,7.65,7.653,7.65,7.653,19.44,2024-09-04 23:00:00
2024-09-04 23:00:00,7.611,7.611,7.568,7.568,1.72,2024-09-05 00:00:00
2024-09-05 00:00:00,7.585,7.611,7.585,7.611,10.4,2024-09-05 01:00:00
2024-09-05 01:00:00,7.602,7.62,7.602,7.62,28.77,2024-09-05 02:00:00
2024-09-05 02:00:00,7.62,7.62,7.62,7.62,0.0,2024-09-05 03:00:00
2024-09-05 03:00:00,7.554,7.554,7.453,7.453,33.77,2024-09-05 04:00:00
2024-09-05 04:00:00,7.456,7.456,7.396,7.417,417.09,2024-09-05 05:00:00
2024-09-05 05:00:00,7.417,7.417,7.417,7.417,0.0,2024-09-05 06:00:00
2024-09-05 06:00:00,7.371,7.371,7.367,7.367,5.82,2024-09-05 07:00:00
2024-09-05 07:00:00,7.462,7.462,7.462,7.462,3.68,2024-09-05 08:00:00
2024-09-05 08:00:00,7.412,7.412,7.412,7.412,13.64,2024-09-05 09:00:00
2024-09-05 09:00:00,7.397,7.397,7.397,7.397,1.85,2024-09-05 10:00:00
2024-09-05 10:00:00,7.393,7.393,7.36,7.36,57.83,2024-09-05 11:00:00
2024-09-05 11:00:00,7.368,7.368,7.342,7.342,20.03,2024-09-05 12:00:00
2024-09-05 12:00:00,7.33,7.33,7.293,7.293,36.9,2024-09-05 13:00:00
2024-09-05 13:00:00,7.366,7.366,7.366,7.366,14.18,2024-09-05 14:00:00
2024-09-05 14:00:00,7.387,7.387,7.257,7.257,13.3,2024-09-05 15:00:00
2024-09-05 15:00:00,7.238,7.245,7.189,7.245,46.19,2024-09-05 16:00:00
2024-09-05 16:00:00,7.227,7.29,7.227,7.246,187.42,2024-09-05 17:00:00
2024-09-05 17:00:00,7.247,7.314,7.247,7.314,8.88,2024-09-05 18:00:00
2024-09-05 18:00:00,7.35,7.36,7.328,7.328,11.04,2024-09-05 19:00:00
2024-09-05 19:00:00,7.263,7.263,7.15,7.15,156.79,2024-09-05 20:00:00
2024-09-05 20:00:00,7.15,7.15,7.15,7.15,0.0,2024-09-05 21:00:00
2024-09-05 21:00:00,7.15,7.15,7.15,7.15,0.0,2024-09-05 22:00:00
2024-09-05 22:00:00,7.223,7.238,7.196,7.238,50.91,2024-09-05 23:00:00
2024-09-05 23:00:00,7.234,7.234,7.234,7.234,0.84,2024-09-06 00:00:00
2024-09-06 00:00:00,7.22,7.22,7.22,7.22,6.23,2024-09-06 01:00:00
2024-09-06 01:00:00,7.22,7.22,7.22,7.22,0.0,2024-09-06 02:00:00
2024-09-06 02:00:00,7.288,7.315,7.286,7.29,31.02,2024-09-06 03:00:00
2024-09-06 03:00:00,7.29,7.29,7.29,7.29,0.0,2024-09-06 04:00:00
2024-09-06 04:00:00,7.29,7.29,7.29,7.29,0.0,2024-09-06 05:00:00
2024-09-06 05:00:00,7.221,7.221,7.191,7.203,18.96,2024-09-06 06:00:00
2024-09-06 06:00:00,7.203,7.203,7.203,7.203,0.0,2024-09-06 07:00:00
2024-09-06 07:00:00,7.158,7.164,7.078,7.078,40.74,2024-09-06 08:00:00
2024-09-06 08:00:00,7.064,7.064,7.064,7.064,14.15,2024-09-06 09:00:00
2024-09-06 09:00:00,7.043,7.094,7.043,7.084,24.49,2024-09-06 10:00:00
2024-09-06 10:00:00,7.158,7.158,7.147,7.147,5.93,2024-09-06 11:00:00
2024-09-06 11:00:00,7.147,7.147,7.147,7.147,0.0,2024-09-06 12:00:00
2024-09-06 12:00:00,7.137,7.295,7.134,7.295,85.73,2024-09-06 13:00:00
2024-09-06 13:00:00,7.295,7.295,7.295,7.295,0.0,2024-09-06 14:00:00
2024-09-06 14:00:00,7.18,7.18,7.063,7.1,42.89,2024-09-06 15:00:00
2024-09-06 15:00:00,7.078,7.129,7.043,7.129,39.36,2024-09-06 16:00:00
2024-09-06 16:00:00,7.027,7.027,7.016,7.016,6.72,2024-09-06 17:00:00
2024-09-06 17:00:00,7.016,7.016,7.016,7.016,80.2,2024-09-06 18:00:00
2024-09-06 18:00:00,7.02,7.02,6.917,6.917,62.46,2024-09-06 19:00:00
2024-09-06 19:00:00,6.911,6.954,6.911,6.954,7.05,2024-09-06 20:00:00
2024-09-06 20:00:00,6.912,6.912,6.833,6.833,86.35,2024-09-06 21:00:00
2024-09-06 21:00:00,6.82,6.928,6.807,6.928,23.7,2024-09-06 22:00:00
2024-09-06 22:00:00,6.963,7.008,6.963,7.008,83.61,2024-09-06 23:00:00
2024-09-06 23:00:00,6.985,7.019,6.985,7.019,10.65,2024-09-07 00:00:00
2024-09-07 00:00:00,7.042,7.053,7.042,7.053,38.01,2024-09-07 01:00:00
2024-09-07 01:00:00,7.031,7.031,7.031,7.031,1.18,2024-09-07 02:00:00
2024-09-07 02:00:00,7.031,7.031,7.031,7.031,0.0,2024-09-07 03:00:00
2024-09-07 03:00:00,7.033,7.034,7.028,7.034,30.23,2024-09-07 04:00:00
2024-09-07 04:00:00,7.034,7.034,7.034,7.034,0.0,2024-09-07 05:00:00
2024-09-07 05:00:00,7.069,7.122,7.069,7.122,18.56,2024-09-07 06:00:00
2024-09-07 06:00:00,7.128,7.158,7.128,7.158,7.49,2024-09-07 07:00:00
2024-09-07 07:00:00,7.162,7.162,7.123,7.123,20.45,2024-09-07 08:00:00
2024-09-07 08:00:00,7.123,7.123,7.123,7.123,0.0,2024-09-07 09:00:00
2024-09-07 09:00:00,7.12,7.12,7.116,7.116,6.06,2024-09-07 10:00:00
2024-09-07 10:00:00,7.116,7.116,7.116,7.116,0.0,2024-09-07 11:00:00
2024-09-07 11:00:00,7.078,7.078,7.071,7.071,2.34,2024-09-07 12:00:00
2024-09-07 12:00:00,7.071,7.071,7.071,7.071,0.0,2024-09-07 13:00:00
2024-09-07 13:00:00,7.071,7.071,7.071,7.071,0.0,2024-09-07 14:00:00
2024-09-07 14:00:00,7.071,7.071,7.071,7.071,0.0,2024-09-07 15:00:00
2024-09-07 15:00:00,7.158,7.221,7.158,7.221,24.22,2024-09-07 16:00:00
2024-09-07 16:00:00,7.129,7.129,7.078,7.078,9.18,2024-09-07 17:00:00
2024-09-07 17:00:00,7.069,7.069,7.043,7.043,16.57,2024-09-07 18:00:00
2024-09-07 18:00:00,7.045,7.068,7.045,7.051,195.38,2024-09-07 19:00:00
2024-09-07 19:00:00,7.061,7.089,7.057,7.089,71.29,2024-09-07 20:00:00
2024-09-07 20:00:00,7.089,7.089,7.089,7.089,0.0,2024-09-07 21:00:00
2024-09-07 21:00:00,7.027,7.027,7.0,7.0,74.83,2024-09-07 22:00:00
2024-09-07 22:00:00,7.0,7.0,7.0,7.0,0.0,2024-09-07 23:00:00
2024-09-07 23:00:00,7.043,7.048,7.043,7.048,4.53,2024-09-08 00:00:00
2024-09-08 00:00:00,7.048,7.048,7.048,7.048,0.0,2024-09-08 01:00:00
2024-09-08 01:00:00,7.114,7.137,7.114,7.137,6.71,2024-09-08 02:00:00
2024-09-08 02:00:00,7.149,7.188,7.149,7.188,32.31,2024-09-08 03:00:00
2024-09-08 03:00:00,7.197,7.263,7.191,7.262,961.09,2024-09-08 04:00:00
2024-09-08 04:00:00,7.269,7.315,7.261,7.315,97.65,2024-09-08 05:00:00
2024-09-08 05:00:00,7.316,7.341,7.314,7.337,44.17,2024-09-08 06:00:00
2024-09-08 06:00:00,7.314,7.314,7.314,7.314,7.4,2024-09-08 07:00:00
2024-09-08 07:00:00,7.314,7.314,7.314,7.314,0.0,2024-09-08 08:00:00
2024-09-08 08:00:00,7.314,7.314,7.314,7.314,0.0,2024-09-08 09:00:00
2024-09-08 09:00:00,7.356,7.382,7.349,7.358,164.39,2024-09-08 10:00:00
2024-09-08 10:00:00,7.368,7.368,7.354,7.354,29.58,2024-09-08 11:00:00
2024-09-08 11:00:00,7.354,7.354,7.354,7.354,0.0,2024-09-08 12:00:00
2024-09-08 12:00:00,7.273,7.273,7.259,7.259,4.44,2024-09-08 13:00:00
2024-09-08 13:00:00,7.238,7.238,7.238,7.238,0.9,2024-09-08 14:00:00
2024-09-08 14:00:00,7.238,7.238,7.238,7.238,0.0,2024-09-08 15:00:00
2024-09-08 15:00:00,7.271,7.276,7.214,7.214,49.4,2024-09-08 16:00:00
2024-09-08 16:00:00,7.201,7.201,7.2,7.2,7.15,2024-09-08 17:00:00
2024-09-08 17:00:00,7.294,7.331,7.294,7.331,8.14,2024-09-08 18:00:00
2024-09-08 18:00:00,7.332,7.332,7.332,7.332,0.8,2024-09-08 19:00:00
2024-09-08 19:00:00,7.332,7.332,7.332,7.332,0.0,2024-09-08 20:00:00
2024-09-08 20:00:00,7.27,7.27,7.27,7.27,49.7,2024-09-08 21:00:00
2024-09-08 21:00:00,7.298,7.382,7.298,7.355,40.12,2024-09-08 22:00:00
2024-09-08 22:00:00,7.366,7.496,7.366,7.379,62.14,2024-09-08 23:00:00
2024-09-08 23:00:00,7.36,7.401,7.36,7.397,6.29,2024-09-09 00:00:00
2024-09-09 00:00:00,7.478,7.478,7.428,7.428,6.37,2024-09-09 01:00:00
2024-09-09 01:00:00,7.484,7.5,7.484,7.5,55.89,2024-09-09 02:00:00
2024-09-09 02:00:00,7.5,7.5,7.5,7.5,0.0,2024-09-09 03:00:00
2024-09-09 03:00:00,7.442,7.443,7.431,7.431,78.65,2024-09-09 04:00:00
2024-09-09 04:00:00,7.444,7.45,7.417,7.45,47.68,2024-09-09 05:00:00
2024-09-09 05:00:00,7.449,7.451,7.436,7.439,50.08,2024-09-09 06:00:00
2024-09-09 06:00:00,7.442,7.464,7.439,7.463,15.3,2024-09-09 07:00:00
2024-09-09 07:00:00,7.469,7.469,7.469,7.469,0.36,2024-09-09 08:00:00
2024-09-09 08:00:00,7.51,7.53,7.51,7.53,17.07,2024-09-09 09:00:00
2024-09-09 09:00:00,7.54,7.557,7.54,7.541,11.23,2024-09-09 10:00:00
2024-09-09 10:00:00,7.541,7.541,7.541,7.541,0.0,2024-09-09 11:00:00
2024-09-09 11:00:00,7.5,7.5,7.5,7.5,40.78,2024-09-09 12:00:00
2024-09-09 12:00:00,7.49,7.49,7.457,7.486,48.99,2024-09-09 13:00:00
2024-09-09 13:00:00,7.526,7.526,7.526,7.526,0.87,2024-09-09 14:00:00
2024-09-09 14:00:00,7.484,7.484,7.42,7.42,6.47,2024-09-09 15:00:00
2024-09-09 15:00:00,7.516,7.553,7.484,7.553,12.41,2024-09-09 16:00:00
2024-09-09 16:00:00,7.591,7.668,7.591,7.668,72.34,2024-09-09 17:00:00
2024-09-09 17:00:00,7.696,7.696,7.653,7.653,47.48,2024-09-09 18:00:00
2024-09-09 18:00:00,7.654,7.654,7.653,7.653,16.22,2024-09-09 19:00:00
2024-09-09 19:00:00,7.696,7.712,7.696,7.712,411.67,2024-09-09 20:00:00
2024-09-09 20:00:00,7.671,7.707,7.659,7.707,32.0,2024-09-09 21:00:00
2024-09-09 21:00:00,7.712,7.851,7.712,7.851,462.27,2024-09-09 22:00:00
2024-09-09 22:00:00,7.816,7.817,7.816,7.817,7.0,2024-09-09 23:00:00
2024-09-09 23:00:00,7.785,7.786,7.782,7.782,13.66,2024-09-10 00:00:00
2024-09-10 00:00:00,7.739,7.748,7.739,7.748,4.08,2024-09-10 01:00:00
2024-09-10 01:00:00,7.748,7.773,7.743,7.748,178.88,2024-09-10 02:00:00
2024-09-10 02:00:00,7.722,7.74,7.722,7.74,9.03,2024-09-10 03:00:00
2024-09-10 03:00:00,7.74,7.74,7.74,7.74,0.0,2024-09-10 04:00:00
2024-09-10 04:00:00,7.728,7.728,7.684,7.684,22.3,2024-09-10 05:00:00
2024-09-10 05:00:00,7.739,7.739,7.739,7.739,0.85,2024-09-10 06:00:00
2024-09-10 06:00:00,7.75,7.75,7.741,7.741,28.4,2024-09-10 07:00:00
2024-09-10 07:00:00,7.782,7.869,7.782,7.869,48.7,2024-09-10 08:00:00
2024-09-10 08:00:00,7.88,7.901,7.88,7.887,127.96,2024-09-10 09:00:00
2024-09-10 09:00:00,7.826,7.913,7.826,7.913,3.81,2024-09-10 10:00:00
2024-09-10 10:00:00,7.913,7.94,7.913,7.94,4.02,2024-09-10 11:00:00
2024-09-10 11:00:00,7.952,8.012,7.952,8.012,50.6,2024-09-10 12:00:00
2024-09-10 12:00:00,8.012,8.012,8.012,8.012,0.0,2024-09-10 13:00:00
2024-09-10 13:00:00,7.958,7.958,7.913,7.958,2.46,2024-09-10 14:00:00
2024-09-10 14:00:00,8.002,8.02,7.958,7.963,361.77,2024-09-10 15:00:00
2024-09-10 15:00:00,7.958,8.025,7.941,7.956,100.7,2024-09-10 16:00:00
2024-09-10 16:00:00,7.971,8.042,7.969,7.989,78.73,2024-09-10 17:00:00
2024-09-10 17:00:00,7.967,8.122,7.967,8.122,55.09,2024-09-10 18:00:00
2024-09-10 18:00:00,8.134,8.265,8.134,8.247,56.54,2024-09-10 19:00:00
2024-09-10 19:00:00,8.274,8.388,8.274,8.388,442.84,2024-09-10 20:00:00
2024-09-10 20:00:00,8.388,8.86,8.378,8.7,193.48,2024-09-10 21:00:00
2024-09-10 21:00:00,8.652,8.96,8.604,8.896,83.58,2024-09-10 22:00:00
2024-09-10 22:00:00,8.946,9.102,8.896,9.046,147.51,2024-09-10 23:00:00
2024-09-10 23:00:00,9.043,9.055,8.931,8.946,139.43,2024-09-11 00:00:00
2024-09-11 00:00:00,8.896,8.896,8.773,8.773,21.93,2024-09-11 01:00:00
2024-09-11 01:00:00,8.77,8.77,8.583,8.663,63.0,2024-09-11 02:00:00
2024-09-11 02:00:00,8.7,8.7,8.7,8.7,0.75,2024-09-11 03:00:00
2024-09-11 03:00:00,8.732,8.749,8.652,8.7,235.09,2024-09-11 04:00:00
2024-09-11 04:00:00,8.652,8.658,8.525,8.581,205.83,2024-09-11 05:00:00
2024-09-11 05:00:00,8.584,8.604,8.491,8.604,42.99,2024-09-11 06:00:00
2024-09-11 06:00:00,8.652,8.712,8.652,8.67,4.52,2024-09-11 07:00:00
2024-09-11 07:00:00,8.652,8.749,8.652,8.749,17.95,2024-09-11 08:00:00
2024-09-11 08:00:00,8.774,8.817,8.7,8.7,19.28,2024-09-11 09:00:00
2024-09-11 09:00:00,8.652,8.663,8.577,8.59,21.52,2024-09-11 10:00:00
2024-09-11 10:00:00,8.556,8.556,8.508,8.556,114.51,2024-09-11 11:00:00
2024-09-11 11:00:00,8.604,8.604,8.604,8.604,6.57,2024-09-11 12:00:00
2024-09-11 12:00:00,8.556,8.556,8.491,8.556,7.21,2024-09-11 13:00:00
2024-09-11 13:00:00,8.601,8.732,8.517,8.517,91.91,2024-09-11 14:00:00
2024-09-11 14:00:00,8.508,8.556,8.392,8.461,70.1,2024-09-11 15:00:00
2024-09-11 15:00:00,8.508,8.7,8.508,8.609,106.31,2024-09-11 16:00:00
2024-09-11 16:00:00,8.652,8.776,8.652,8.716,222.63,2024-09-11 17:00:00
2024-09-11 17:00:00,8.798,8.92,8.798,8.847,73.15,2024-09-11 18:00:00
2024-09-11 18:00:00,8.834,8.834,8.748,8.752,14.5,2024-09-11 19:00:00
2024-09-11 19:00:00,8.735,8.741,8.652,8.652,165.52,2024-09-11 20:00:00
2024-09-11 20:00:00,8.676,8.749,8.676,8.749,11.35,2024-09-11 21:00:00
2024-09-11 21:00:00,8.7,8.704,8.7,8.704,5.89,2024-09-11 22:00:00
2024-09-11 22:00:00,8.678,8.678,8.678,8.678,5.1,2024-09-11 23:00:00
2024-09-11 23:00:00,8.678,8.678,8.678,8.678,0.0,2024-09-12 00:00:00
2024-09-12 00:00:00,8.66,8.66,8.644,8.644,65.68,2024-09-12 01:00:00
2024-09-12 01:00:00,8.647,8.648,8.556,8.556,16.88,2024-09-12 02:00:00
2024-09-12 02:00:00,8.533,8.533,8.491,8.491,13.82,2024-09-12 03:00:00
2024-09-12 03:00:00,8.552,8.613,8.552,8.613,27.07,2024-09-12 04:00:00
2024-09-12 04:00:00,8.556,8.556,8.556,8.556,0.76,2024-09-12 05:00:00
2024-09-12 05:00:00,8.508,8.508,8.491,8.491,5.69,2024-09-12 06:00:00
2024-09-12 06:00:00,8.465,8.465,8.44,8.44,14.97,2024-09-12 07:00:00
2024-09-12 07:00:00,8.476,8.476,8.392,8.392,43.42,2024-09-12 08:00:00
2024-09-12 08:00:00,8.402,8.516,8.402,8.461,42.52,2024-09-12 09:00:00
2024-09-12 09:00:00,8.414,8.461,8.407,8.461,10.01,2024-09-12 10:00:00
2024-09-12 10:00:00,8.461,8.461,8.461,8.461,0.0,2024-09-12 11:00:00
2024-09-12 11:00:00,8.492,8.492,8.492,8.492,10.36,2024-09-12 12:00:00
2024-09-12 12:00:00,8.464,8.464,8.407,8.429,23.34,2024-09-12 13:00:00
2024-09-12 13:00:00,8.461,8.516,8.461,8.501,22.41,2024-09-12 14:00:00
2024-09-12 14:00:00,8.556,8.593,8.496,8.496,4224.07,2024-09-12 15:00:00
2024-09-12 15:00:00,8.461,8.508,8.392,8.392,53.16,2024-09-12 16:00:00
2024-09-12 16:00:00,8.442,8.516,8.442,8.516,35.1,2024-09-12 17:00:00
2024-09-12 17:00:00,8.556,8.558,8.554,8.558,10.7,2024-09-12 18:00:00
2024-09-12 18:00:00,8.508,8.508,8.449,8.449,47.21,2024-09-12 19:00:00
2024-09-12 19:00:00,8.48,8.508,8.48,8.48,90.42,2024-09-12 20:00:00
2024-09-12 20:00:00,8.478,8.508,8.473,8.508,43.57,2024-09-12 21:00:00
2024-09-12 21:00:00,8.508,8.508,8.508,8.508,0.0,2024-09-12 22:00:00
2024-09-12 22:00:00,8.508,8.508,8.508,8.508,0.0,2024-09-12 23:00:00
2024-09-12 23:00:00,8.508,8.508,8.508,8.508,0.0,2024-09-13 00:00:00
2024-09-13 00:00:00,8.469,8.519,8.461,8.518,32.39,2024-09-13 01:00:00
2024-09-13 01:00:00,8.461,8.461,8.461,8.461,0.77,2024-09-13 02:00:00
2024-09-13 02:00:00,8.507,8.507,8.507,8.507,0.88,2024-09-13 03:00:00
2024-09-13 03:00:00,8.508,8.52,8.452,8.454,76.03,2024-09-13 04:00:00
2024-09-13 04:00:00,8.414,8.414,8.407,8.407,5.75,2024-09-13 05:00:00
2024-09-13 05:00:00,8.367,8.367,8.358,8.359,77.51,2024-09-13 06:00:00
2024-09-13 06:00:00,8.358,8.359,8.321,8.321,55.77,2024-09-13 07:00:00
2024-09-13 07:00:00,8.282,8.282,8.282,8.282,5.06,2024-09-13 08:00:00
2024-09-13 08:00:00,8.367,8.383,8.363,8.383,12.88,2024-09-13 09:00:00
2024-09-13 09:00:00,8.321,8.321,8.241,8.241,25.33,2024-09-13 10:00:00
2024-09-13 10:00:00,8.241,8.241,8.241,8.241,0.0,2024-09-13 11:00:00
2024-09-13 11:00:00,8.228,8.228,8.196,8.196,8.03,2024-09-13 12:00:00
2024-09-13 12:00:00,8.183,8.183,8.183,8.183,0.8,2024-09-13 13:00:00
2024-09-13 13:00:00,8.228,8.274,8.228,8.274,1.59,2024-09-13 14:00:00
2024-09-13 14:00:00,8.305,8.305,8.263,8.305,29.65,2024-09-13 15:00:00
2024-09-13 15:00:00,8.321,8.459,8.321,8.429,42.85,2024-09-13 16:00:00
2024-09-13 16:00:00,8.437,8.473,8.39,8.473,113.66,2024-09-13 17:00:00
2024-09-13 17:00:00,8.508,8.537,8.494,8.52,235.61,2024-09-13 18:00:00
2024-09-13 18:00:00,8.556,8.698,8.556,8.642,64.29,2024-09-13 19:00:00
2024-09-13 19:00:00,8.628,8.642,8.602,8.606,130.92,2024-09-13 20:00:00
2024-09-13 20:00:00,8.577,8.577,8.534,8.534,10.55,2024-09-13 21:00:00
2024-09-13 21:00:00,8.522,8.589,8.509,8.589,78.29,2024-09-13 22:00:00
2024-09-13 22:00:00,8.604,8.644,8.518,8.582,26.27,2024-09-13 23:00:00
2024-09-13 23:00:00,8.582,8.582,8.582,8.582,0.0,2024-09-14 00:00:00
2024-09-14 00:00:00,8.604,8.644,8.604,8.617,41.96,2024-09-14 01:00:00
2024-09-14 01:00:00,8.644,8.657,8.644,8.644,19.24,2024-09-14 02:00:00
2024-09-14 02:00:00,8.607,8.607,8.556,8.556,61.22,2024-09-14 03:00:00
2024-09-14 03:00:00,8.604,8.604,8.604,8.604,0.76,2024-09-14 04:00:00
2024-09-14 04:00:00,8.604,8.604,8.604,8.604,0.0,2024-09-14 05:00:00
2024-09-14 05:00:00,8.604,8.604,8.604,8.604,0.0,2024-09-14 06:00:00
2024-09-14 06:00:00,8.652,8.652,8.604,8.604,1.52,2024-09-14 07:00:00
2024-09-14 07:00:00,8.604,8.604,8.604,8.604,0.0,2024-09-14 08:00:00
2024-09-14 08:00:00,8.586,8.63,8.583,8.63,15.19,2024-09-14 09:00:00
2024-09-14 09:00:00,8.608,8.608,8.605,8.605,8.19,2024-09-14 10:00:00
2024-09-14 10:00:00,8.605,8.605,8.605,8.605,0.0,2024-09-14 11:00:00
2024-09-14 11:00:00,8.556,8.556,8.556,8.556,1.93,2024-09-14 12:00:00
2024-09-14 12:00:00,8.604,8.652,8.604,8.652,1.52,2024-09-14 13:00:00
2024-09-14 13:00:00,8.688,8.78,8.688,8.78,116.05,2024-09-14 14:00:00
2024-09-14 14:00:00,8.798,8.87,8.749,8.749,188.79,2024-09-14 15:00:00
2024-09-14 15:00:00,8.779,8.798,8.708,8.708,232.08,2024-09-14 16:00:00
2024-09-14 16:00:00,8.708,8.708,8.644,8.653,17.78,2024-09-14 17:00:00
2024-09-14 17:00:00,8.653,8.653,8.653,8.653,0.0,2024-09-14 18:00:00
2024-09-14 18:00:00,8.624,8.652,8.577,8.648,16.29,2024-09-14 19:00:00
2024-09-14 19:00:00,8.648,8.648,8.648,8.648,0.0,2024-09-14 20:00:00
2024-09-14 20:00:00,8.604,8.604,8.604,8.604,0.76,2024-09-14 21:00:00
2024-09-14 21:00:00,8.652,8.652,8.604,8.604,1.52,2024-09-14 22:00:00
2024-09-14 22:00:00,8.556,8.604,8.556,8.604,1.52,2024-09-14 23:00:00
2024-09-14 23:00:00,8.615,8.652,8.615,8.652,3.32,2024-09-15 00:00:00
2024-09-15 00:00:00,8.65,8.65,8.604,8.604,1.49,2024-09-15 01:00:00
2024-09-15 01:00:00,8.614,8.652,8.614,8.652,276.25,2024-09-15 02:00:00
2024-09-15 02:00:00,8.688,8.749,8.688,8.749,12.47,2024-09-15 03:00:00
2024-09-15 03:00:00,8.749,8.749,8.749,8.749,2.0,2024-09-15 04:00:00
2024-09-15 04:00:00,8.749,8.749,8.749,8.749,0.0,2024-09-15 05:00:00
2024-09-15 05:00:00,8.73,8.776,8.73,8.776,7.49,2024-09-15 06:00:00
2024-09-15 06:00:00,8.785,8.785,8.785,8.785,1.28,2024-09-15 07:00:00
2024-09-15 07:00:00,8.665,8.665,8.642,8.642,7.24,2024-09-15 08:00:00
2024-09-15 08:00:00,8.642,8.642,8.62,8.62,6.88,2024-09-15 09:00:00
2024-09-15 09:00:00,8.635,8.635,8.599,8.599,10.41,2024-09-15 10:00:00
2024-09-15 10:00:00,8.625,8.625,8.562,8.58,92.48,2024-09-15 11:00:00
2024-09-15 11:00:00,8.58,8.605,8.57,8.59,76.59,2024-09-15 12:00:00
2024-09-15 12:00:00,8.556,8.569,8.555,8.555,30.25,2024-09-15 13:00:00
2024-09-15 13:00:00,8.604,8.613,8.59,8.606,59.99,2024-09-15 14:00:00
2024-09-15 14:00:00,8.556,8.556,8.487,8.549,228.74,2024-09-15 15:00:00
2024-09-15 15:00:00,8.531,8.531,8.517,8.522,57.18,2024-09-15 16:00:00
2024-09-15 16:00:00,8.5,8.513,8.461,8.461,3.83,2024-09-15 17:00:00
2024-09-15 17:00:00,8.452,8.465,8.367,8.367,82.35,2024-09-15 18:00:00
2024-09-15 18:00:00,8.414,8.438,8.414,8.438,12.96,2024-09-15 19:00:00
2024-09-15 19:00:00,8.461,8.461,8.412,8.412,3.69,2024-09-15 20:00:00
2024-09-15 20:00:00,8.406,8.406,8.365,8.365,8.26,2024-09-15 21:00:00
2024-09-15 21:00:00,8.323,8.358,8.276,8.358,25.35,2024-09-15 22:00:00
2024-09-15 22:00:00,8.358,8.358,8.358,8.358,0.0,2024-09-15 23:00:00
2024-09-15 23:00:00,8.275,8.351,8.241,8.347,48.28,2024-09-16 00:00:00
2024-09-16 00:00:00,8.324,8.324,8.183,8.228,4266.68,2024-09-16 01:00:00
2024-09-16 01:00:00,8.183,8.183,8.1,8.128,87.92,2024-09-16 02:00:00
2024-09-16 02:00:00,8.093,8.093,8.028,8.028,32.55,2024-09-16 03:00:00
2024-09-16 03:00:00,8.092,8.092,8.092,8.092,0.81,2024-09-16 04:00:00
2024-09-16 04:00:00,8.092,8.092,8.092,8.092,0.0,2024-09-16 05:00:00
2024-09-16 05:00:00,8.129,8.141,8.129,8.141,135.7,2024-09-16 06:00:00
2024-09-16 06:00:00,8.115,8.115,8.092,8.092,3.8,2024-09-16 07:00:00
2024-09-16 07:00:00,8.114,8.137,8.114,8.137,5.85,2024-09-16 08:00:00
2024-09-16 08:00:00,8.092,8.092,8.092,8.092,0.8,2024-09-16 09:00:00
2024-09-16 09:00:00,8.119,8.137,8.092,8.092,24.65,2024-09-16 10:00:00
2024-09-16 10:00:00,8.083,8.083,8.083,8.083,12.37,2024-09-16 11:00:00
2024-09-16 11:00:00,8.09,8.09,8.084,8.084,6.56,2024-09-16 12:00:00
2024-09-16 12:00:00,8.047,8.047,7.997,8.001,12.2,2024-09-16 13:00:00
2024-09-16 13:00:00,7.958,8.029,7.952,8.029,88.46,2024-09-16 14:00:00
2024-09-16 14:00:00,7.958,7.958,7.873,7.916,637.81,2024-09-16 15:00:00
2024-09-16 15:00:00,7.925,7.98,7.924,7.978,66.33,2024-09-16 16:00:00
2024-09-16 16:00:00,7.95,7.95,7.947,7.947,5.94,2024-09-16 17:00:00
2024-09-16 17:00:00,8.002,8.047,8.002,8.047,7.94,2024-09-16 18:00:00
2024-09-16 18:00:00,8.02,8.02,8.002,8.002,74.72,2024-09-16 19:00:00
2024-09-16 19:00:00,7.958,8.002,7.958,7.985,3.84,2024-09-16 20:00:00
2024-09-16 20:00:00,7.958,7.958,7.918,7.918,6.11,2024-09-16 21:00:00
2024-09-16 21:00:00,7.913,7.958,7.913,7.958,1.64,2024-09-16 22:00:00
2024-09-16 22:00:00,7.958,7.958,7.958,7.958,0.0,2024-09-16 23:00:00
2024-09-16 23:00:00,8.002,8.02,8.002,8.02,6.1,2024-09-17 00:00:00
2024-09-17 00:00:00,8.047,8.047,7.913,7.913,9.37,2024-09-17 01:00:00
2024-09-17 01:00:00,7.944,7.944,7.944,7.944,0.88,2024-09-17 02:00:00
2024-09-17 02:00:00,7.958,7.958,7.958,7.958,0.82,2024-09-17 03:00:00
2024-09-17 03:00:00,7.958,7.958,7.958,7.958,0.0,2024-09-17 04:00:00
2024-09-17 04:00:00,7.958,7.958,7.958,7.958,0.0,2024-09-17 05:00:00
2024-09-17 05:00:00,7.997,8.02,7.997,8.02,6.3,2024-09-17 06:00:00
2024-09-17 06:00:00,7.962,7.962,7.958,7.958,5.0,2024-09-17 07:00:00
2024-09-17 07:00:00,7.94,7.94,7.94,7.94,100.0,2024-09-17 08:00:00
2024-09-17 08:00:00,7.918,7.918,7.918,7.918,5.29,2024-09-17 09:00:00
2024-09-17 09:00:00,7.913,7.958,7.893,7.958,13.11,2024-09-17 10:00:00
2024-09-17 10:00:00,7.953,7.953,7.953,7.953,5.65,2024-09-17 11:00:00
2024-09-17 11:00:00,7.953,7.953,7.953,7.953,0.0,2024-09-17 12:00:00
2024-09-17 12:00:00,7.953,7.953,7.953,7.953,0.0,2024-09-17 13:00:00
2024-09-17 13:00:00,8.002,8.002,7.913,7.913,7.43,2024-09-17 14:00:00
2024-09-17 14:00:00,7.958,8.1,7.958,8.047,93.67,2024-09-17 15:00:00
2024-09-17 15:00:00,8.092,8.265,8.092,8.181,720.61,2024-09-17 16:00:00
2024-09-17 16:00:00,8.137,8.139,8.028,8.028,43.55,2024-09-17 17:00:00
2024-09-17 17:00:00,8.002,8.103,8.002,8.042,394.62,2024-09-17 18:00:00
2024-09-17 18:00:00,8.046,8.046,7.952,7.971,91.96,2024-09-17 19:00:00
2024-09-17 19:00:00,7.97,7.979,7.826,7.895,96.84,2024-09-17 20:00:00
2024-09-17 20:00:00,7.895,7.895,7.895,7.895,0.0,2024-09-17 21:00:00
2024-09-17 21:00:00,7.882,7.882,7.882,7.882,40.03,2024-09-17 22:00:00
2024-09-17 22:00:00,7.913,7.913,7.913,7.913,32.42,2024-09-17 23:00:00
2024-09-17 23:00:00,7.913,7.913,7.913,7.913,0.0,2024-09-18 00:00:00
2024-09-18 00:00:00,7.829,7.829,7.788,7.788,44.26,2024-09-18 01:00:00
2024-09-18 01:00:00,7.788,7.788,7.788,7.788,0.0,2024-09-18 02:00:00
2024-09-18 02:00:00,7.815,7.837,7.815,7.837,90.39,2024-09-18 03:00:00
2024-09-18 03:00:00,7.901,7.946,7.901,7.942,62.32,2024-09-18 04:00:00
2024-09-18 04:00:00,7.868,7.868,7.868,7.868,5.18,2024-09-18 05:00:00
2024-09-18 05:00:00,7.841,7.841,7.826,7.826,16.53,2024-09-18 06:00:00
2024-09-18 06:00:00,7.853,7.853,7.848,7.85,101.6,2024-09-18 07:00:00
2024-09-18 07:00:00,7.864,7.866,7.824,7.826,63.69,2024-09-18 08:00:00
2024-09-18 08:00:00,7.8,7.806,7.734,7.734,49.47,2024-09-18 09:00:00
2024-09-18 09:00:00,7.749,7.782,7.714,7.727,240.24,2024-09-18 10:00:00
2024-09-18 10:00:00,7.725,7.73,7.669,7.7,109.88,2024-09-18 11:00:00
2024-09-18 11:00:00,7.738,7.739,7.696,7.696,119.65,2024-09-18 12:00:00
2024-09-18 12:00:00,7.739,7.739,7.739,7.739,0.85,2024-09-18 13:00:00
2024-09-18 13:00:00,7.75,7.75,7.664,7.664,127.99,2024-09-18 14:00:00
2024-09-18 14:00:00,7.684,7.684,7.683,7.683,44.15,2024-09-18 15:00:00
2024-09-18 15:00:00,7.66,7.66,7.623,7.638,115.08,2024-09-18 16:00:00
2024-09-18 16:00:00,7.607,7.739,7.604,7.739,126.25,2024-09-18 17:00:00
2024-09-18 17:00:00,7.745,7.745,7.696,7.739,51.18,2024-09-18 18:00:00
2024-09-18 18:00:00,7.779,8.002,7.779,7.958,140.19,2024-09-18 19:00:00
2024-09-18 19:00:00,7.913,7.94,7.824,7.824,42.37,2024-09-18 20:00:00
2024-09-18 20:00:00,7.8,7.844,7.714,7.844,72.64,2024-09-18 21:00:00
2024-09-18 21:00:00,7.861,7.979,7.861,7.979,112.93,2024-09-18 22:00:00
2024-09-18 22:00:00,7.94,8.0,7.94,8.0,19.24,2024-09-18 23:00:00
2024-09-18 23:00:00,8.002,8.183,8.002,8.183,127.83,2024-09-19 00:00:00
2024-09-19 00:00:00,8.203,8.367,8.203,8.367,179.53,2024-09-19 01:00:00
2024-09-19 01:00:00,8.345,8.346,8.241,8.317,59.78,2024-09-19 02:00:00
2024-09-19 02:00:00,8.286,8.348,8.275,8.305,75.7,2024-09-19 03:00:00
2024-09-19 03:00:00,8.349,8.389,8.348,8.389,34.81,2024-09-19 04:00:00
2024-09-19 04:00:00,8.277,8.277,8.274,8.274,15.61,2024-09-19 05:00:00
2024-09-19 05:00:00,8.367,8.401,8.367,8.401,46.35,2024-09-19 06:00:00
2024-09-19 06:00:00,8.302,8.302,8.274,8.274,44.79,2024-09-19 07:00:00
2024-09-19 07:00:00,8.269,8.287,8.269,8.287,9.14,2024-09-19 08:00:00
2024-09-19 08:00:00,8.281,8.281,8.174,8.179,128.19,2024-09-19 09:00:00
2024-09-19 09:00:00,8.228,8.228,8.223,8.223,6.53,2024-09-19 10:00:00
2024-09-19 10:00:00,8.183,8.183,8.14,8.14,55.85,2024-09-19 11:00:00
2024-09-19 11:00:00,8.137,8.144,8.137,8.144,2.69,2024-09-19 12:00:00
2024-09-19 12:00:00,8.16,8.265,8.158,8.254,66.78,2024-09-19 13:00:00
2024-09-19 13:00:00,8.206,8.302,8.149,8.21,188.74,2024-09-19 14:00:00
2024-09-19 14:00:00,8.15,8.166,8.077,8.077,85.82,2024-09-19 15:00:00
2024-09-19 15:00:00,8.137,8.15,8.137,8.143,9.78,2024-09-19 16:00:00
2024-09-19 16:00:00,8.163,8.291,8.162,8.291,77.25,2024-09-19 17:00:00
2024-09-19 17:00:00,8.228,8.274,8.219,8.274,6.59,2024-09-19 18:00:00
2024-09-19 18:00:00,8.302,8.305,8.228,8.228,156.82,2024-09-19 19:00:00
2024-09-19 19:00:00,8.203,8.203,8.118,8.118,55.57,2024-09-19 20:00:00
2024-09-19 20:00:00,8.144,8.144,8.144,8.144,4.48,2024-09-19 21:00:00
2024-09-19 21:00:00,8.105,8.105,8.047,8.047,60.06,2024-09-19 22:00:00
2024-09-19 22:00:00,8.037,8.047,8.002,8.047,47.17,2024-09-19 23:00:00
2024-09-19 23:00:00,8.092,8.105,8.085,8.085,11.32,2024-09-20 00:00:00
2024-09-20 00:00:00,8.066,8.066,7.996,7.996,11.66,2024-09-20 01:00:00
2024-09-20 01:00:00,7.989,7.989,7.952,7.97,126.0,2024-09-20 02:00:00
2024-09-20 02:00:00,8.002,8.06,7.988,8.06,47.78,2024-09-20 03:00:00
2024-09-20 03:00:00,8.092,8.183,8.092,8.183,124.99,2024-09-20 04:00:00
2024-09-20 04:00:00,8.211,8.29,8.211,8.29,63.69,2024-09-20 05:00:00
2024-09-20 05:00:00,8.305,8.367,8.305,8.367,26.73,2024-09-20 06:00:00
2024-09-20 06:00:00,8.367,8.473,8.367,8.473,78.97,2024-09-20 07:00:00
2024-09-20 07:00:00,8.474,8.606,8.365,8.556,98.74,2024-09-20 08:00:00
2024-09-20 08:00:00,8.508,8.508,8.404,8.461,136.41,2024-09-20 09:00:00
2024-09-20 09:00:00,8.502,8.516,8.478,8.516,26.03,2024-09-20 10:00:00
2024-09-20 10:00:00,8.556,8.688,8.556,8.604,114.51,2024-09-20 11:00:00
2024-09-20 11:00:00,8.577,8.577,8.404,8.461,154.31,2024-09-20 12:00:00
2024-09-20 12:00:00,8.508,8.508,8.461,8.461,1.67,2024-09-20 13:00:00
2024-09-20 13:00:00,8.414,8.414,8.311,8.311,34.14,2024-09-20 14:00:00
2024-09-20 14:00:00,8.302,8.437,8.282,8.408,33.58,2024-09-20 15:00:00
2024-09-20 15:00:00,8.367,8.414,8.367,8.414,3.95,2024-09-20 16:00:00
2024-09-20 16:00:00,8.367,8.377,8.367,8.377,0.91,2024-09-20 17:00:00
2024-09-20 17:00:00,8.325,8.325,8.282,8.282,14.43,2024-09-20 18:00:00
2024-09-20 18:00:00,8.277,8.277,8.26,8.26,10.5,2024-09-20 19:00:00
2024-09-20 19:00:00,8.366,8.401,8.366,8.401,36.89,2024-09-20 20:00:00
2024-09-20 20:00:00,8.401,8.401,8.401,8.401,0.0,2024-09-20 21:00:00
2024-09-20 21:00:00,8.414,8.516,8.414,8.516,47.4,2024-09-20 22:00:00
2024-09-20 22:00:00,8.526,8.526,8.461,8.461,91.04,2024-09-20 23:00:00
2024-09-20 23:00:00,8.461,8.461,8.461,8.461,0.52,2024-09-21 00:00:00
2024-09-21 00:00:00,8.508,8.549,8.461,8.549,8.6,2024-09-21 01:00:00
2024-09-21 01:00:00,8.48,8.491,8.365,8.365,36.84,2024-09-21 02:00:00
2024-09-21 02:00:00,8.345,8.345,8.302,8.315,22.13,2024-09-21 03:00:00
2024-09-21 03:00:00,8.315,8.315,8.315,8.315,0.0,2024-09-21 04:00:00
2024-09-21 04:00:00,8.287,8.287,8.251,8.251,18.93,2024-09-21 05:00:00
2024-09-21 05:00:00,8.251,8.251,8.251,8.251,0.0,2024-09-21 06:00:00
2024-09-21 06:00:00,8.251,8.251,8.251,8.251,0.0,2024-09-21 07:00:00
2024-09-21 07:00:00,8.353,8.389,8.335,8.389,8.28,2024-09-21 08:00:00
2024-09-21 08:00:00,8.414,8.414,8.414,8.414,0.78,2024-09-21 09:00:00
2024-09-21 09:00:00,8.386,8.42,8.386,8.42,6.43,2024-09-21 10:00:00
2024-09-21 10:00:00,8.367,8.367,8.302,8.333,237.22,2024-09-21 11:00:00
2024-09-21 11:00:00,8.325,8.334,8.325,8.334,10.28,2024-09-21 12:00:00
2024-09-21 12:00:00,8.368,8.437,8.368,8.437,8.73,2024-09-21 13:00:00
2024-09-21 13:00:00,8.446,8.516,8.424,8.516,87.39,2024-09-21 14:00:00
2024-09-21 14:00:00,8.526,8.585,8.526,8.574,23.02,2024-09-21 15:00:00
2024-09-21 15:00:00,8.515,8.556,8.508,8.556,1.76,2024-09-21 16:00:00
2024-09-21 16:00:00,8.547,8.548,8.547,8.548,63.97,2024-09-21 17:00:00
2024-09-21 17:00:00,8.548,8.548,8.548,8.548,0.0,2024-09-21 18:00:00
2024-09-21 18:00:00,8.555,8.555,8.508,8.508,15.76,2024-09-21 19:00:00
2024-09-21 19:00:00,8.488,8.488,8.488,8.488,24.17,2024-09-21 20:00:00
2024-09-21 20:00:00,8.461,8.461,8.461,8.461,0.77,2024-09-21 21:00:00
2024-09-21 21:00:00,8.454,8.456,8.414,8.414,23.7,2024-09-21 22:00:00
2024-09-21 22:00:00,8.457,8.461,8.457,8.461,1.85,2024-09-21 23:00:00
2024-09-21 23:00:00,8.508,8.56,8.508,8.552,15.17,2024-09-22 00:00:00
2024-09-22 00:00:00,8.508,8.512,8.461,8.512,2437.55,2024-09-22 01:00:00
2024-09-22 01:00:00,8.512,8.556,8.508,8.508,1738.57,2024-09-22 02:00:00
2024-09-22 02:00:00,8.461,8.461,8.371,8.371,28.06,2024-09-22 03:00:00
2024-09-22 03:00:00,8.396,8.396,8.396,8.396,20.0,2024-09-22 04:00:00
2024-09-22 04:00:00,8.396,8.396,8.396,8.396,0.0,2024-09-22 05:00:00
2024-09-22 05:00:00,8.367,8.377,8.311,8.311,114.28,2024-09-22 06:00:00
2024-09-22 06:00:00,8.325,8.325,8.311,8.311,4059.79,2024-09-22 07:00:00
2024-09-22 07:00:00,8.311,8.33,8.311,8.33,109.64,2024-09-22 08:00:00
2024-09-22 08:00:00,8.33,8.33,8.33,8.33,0.0,2024-09-22 09:00:00
2024-09-22 09:00:00,8.302,8.302,8.257,8.257,21.41,2024-09-22 10:00:00
2024-09-22 10:00:00,8.251,8.251,8.18,8.18,33.26,2024-09-22 11:00:00
2024-09-22 11:00:00,8.228,8.228,8.228,8.228,0.8,2024-09-22 12:00:00
2024-09-22 12:00:00,8.228,8.228,8.228,8.228,0.0,2024-09-22 13:00:00
2024-09-22 13:00:00,8.274,8.274,8.183,8.183,20.61,2024-09-22 14:00:00
2024-09-22 14:00:00,8.199,8.199,8.133,8.133,77.61,2024-09-22 15:00:00
2024-09-22 15:00:00,8.183,8.183,8.183,8.183,0.8,2024-09-22 16:00:00
2024-09-22 16:00:00,8.137,8.208,8.137,8.208,31.05,2024-09-22 17:00:00
2024-09-22 17:00:00,8.228,8.273,8.228,8.273,47.44,2024-09-22 18:00:00
2024-09-22 18:00:00,8.256,8.26,8.256,8.26,19.21,2024-09-22 19:00:00
2024-09-22 19:00:00,8.274,8.274,8.274,8.274,0.79,2024-09-22 20:00:00
2024-09-22 20:00:00,8.287,8.289,8.261,8.261,107.56,2024-09-22 21:00:00
2024-09-22 21:00:00,8.258,8.258,8.071,8.071,136.17,2024-09-22 22:00:00
2024-09-22 22:00:00,8.047,8.289,8.031,8.289,59.94,2024-09-22 23:00:00
2024-09-22 23:00:00,8.305,8.305,8.228,8.228,5.89,2024-09-23 00:00:00
2024-09-23 00:00:00,8.199,8.305,8.073,8.305,79.37,2024-09-23 01:00:00
2024-09-23 01:00:00,8.315,8.367,8.315,8.367,111.4,2024-09-23 02:00:00
2024-09-23 02:00:00,8.376,8.389,8.324,8.389,26.05,2024-09-23 03:00:00
2024-09-23 03:00:00,8.399,8.554,8.399,8.554,171.53,2024-09-23 04:00:00
2024-09-23 04:00:00,8.556,8.601,8.491,8.491,200.53,2024-09-23 05:00:00
2024-09-23 05:00:00,8.556,8.556,8.508,8.508,1.52,2024-09-23 06:00:00
2024-09-23 06:00:00,8.556,8.644,8.556,8.644,53.02,2024-09-23 07:00:00
2024-09-23 07:00:00,8.558,8.558,8.459,8.459,46.89,2024-09-23 08:00:00
2024-09-23 08:00:00,8.449,8.449,8.367,8.414,40.62,2024-09-23 09:00:00
2024-09-23 09:00:00,8.432,8.461,8.43,8.461,9.99,2024-09-23 10:00:00
2024-09-23 10:00:00,8.414,8.414,8.414,8.414,0.77,2024-09-23 11:00:00
2024-09-23 11:00:00,8.367,8.414,8.35,8.414,177.58,2024-09-23 12:00:00
2024-09-23 12:00:00,8.367,8.367,8.367,8.367,0.78,2024-09-23 13:00:00
2024-09-23 13:00:00,8.414,8.414,8.414,8.414,0.78,2024-09-23 14:00:00
2024-09-23 14:00:00,8.461,8.526,8.414,8.461,18.16,2024-09-23 15:00:00
2024-09-23 15:00:00,8.414,8.558,8.407,8.558,21.23,2024-09-23 16:00:00
2024-09-23 16:00:00,8.558,8.585,8.468,8.468,143.42,2024-09-23 17:00:00
2024-09-23 17:00:00,8.461,8.556,8.461,8.556,2.3,2024-09-23 18:00:00
2024-09-23 18:00:00,8.593,8.705,8.593,8.676,78.06,2024-09-23 19:00:00
2024-09-23 19:00:00,8.712,8.712,8.676,8.676,150.25,2024-09-23 20:00:00
2024-09-23 20:00:00,8.721,8.721,8.721,8.721,2.16,2024-09-23 21:00:00
2024-09-23 21:00:00,8.63,8.693,8.604,8.693,125.32,2024-09-23 22:00:00
2024-09-23 22:00:00,8.693,8.693,8.693,8.693,0.0,2024-09-23 23:00:00
2024-09-23 23:00:00,8.647,8.654,8.647,8.654,63.3,2024-09-24 00:00:00
2024-09-24 00:00:00,8.714,8.749,8.62,8.62,17.51,2024-09-24 01:00:00
2024-09-24 01:00:00,8.605,8.652,8.577,8.652,8.64,2024-09-24 02:00:00
2024-09-24 02:00:00,8.604,8.682,8.604,8.682,2.52,2024-09-24 03:00:00
2024-09-24 03:00:00,8.688,8.699,8.639,8.639,6.22,2024-09-24 04:00:00
2024-09-24 04:00:00,8.604,8.604,8.604,8.604,0.76,2024-09-24 05:00:00
2024-09-24 05:00:00,8.615,8.639,8.578,8.624,100.63,2024-09-24 06:00:00
2024-09-24 06:00:00,8.652,8.77,8.652,8.77,58.15,2024-09-24 07:00:00
2024-09-24 07:00:00,8.77,8.885,8.77,8.885,200.49,2024-09-24 08:00:00
2024-09-24 08:00:00,8.892,9.184,8.892,9.097,218.73,2024-09-24 09:00:00
2024-09-24 09:00:00,9.148,9.148,9.036,9.097,25.73,2024-09-24 10:00:00
2024-09-24 10:00:00,9.068,9.068,9.061,9.066,113.5,2024-09-24 11:00:00
2024-09-24 11:00:00,9.046,9.106,9.039,9.106,102.93,2024-09-24 12:00:00
2024-09-24 12:00:00,9.099,9.099,9.046,9.046,0.98,2024-09-24 13:00:00
2024-09-24 13:00:00,9.097,9.216,9.097,9.216,28.59,2024-09-24 14:00:00
2024-09-24 14:00:00,9.148,9.148,8.917,9.02,69.87,2024-09-24 15:00:00
2024-09-24 15:00:00,9.046,9.047,8.984,8.984,10.37,2024-09-24 16:00:00
2024-09-24 16:00:00,9.046,9.092,8.996,9.046,6.97,2024-09-24 17:00:00
2024-09-24 17:00:00,9.035,9.148,9.035,9.148,874.48,2024-09-24 18:00:00
2024-09-24 18:00:00,9.16,9.269,9.156,9.25,52.94,2024-09-24 19:00:00
2024-09-24 19:00:00,9.209,9.545,9.199,9.545,383.58,2024-09-24 20:00:00
2024-09-24 20:00:00,9.545,9.547,9.333,9.333,242.8,2024-09-24 21:00:00
2024-09-24 21:00:00,9.327,9.34,9.316,9.34,36.6,2024-09-24 22:00:00
2024-09-24 22:00:00,9.406,9.485,9.406,9.485,68.44,2024-09-24 23:00:00
2024-09-24 23:00:00,9.449,9.449,9.406,9.406,64.57,2024-09-25 00:00:00
2024-09-25 00:00:00,9.459,9.515,9.459,9.459,6.53,2024-09-25 01:00:00
2024-09-25 01:00:00,9.483,9.512,9.459,9.512,44.08,2024-09-25 02:00:00
2024-09-25 02:00:00,9.459,9.532,9.459,9.532,857.36,2024-09-25 03:00:00
2024-09-25 03:00:00,9.459,9.459,9.393,9.393,111.7,2024-09-25 04:00:00
2024-09-25 04:00:00,9.354,9.354,9.252,9.252,82.15,2024-09-25 05:00:00
2024-09-25 05:00:00,9.252,9.252,9.223,9.223,19.04,2024-09-25 06:00:00
2024-09-25 06:00:00,9.248,9.248,9.148,9.148,59.16,2024-09-25 07:00:00
2024-09-25 07:00:00,9.199,9.199,9.148,9.199,2.13,2024-09-25 08:00:00
2024-09-25 08:00:00,9.205,9.205,9.205,9.205,132.65,2024-09-25 09:00:00
2024-09-25 09:00:00,9.155,9.174,9.154,9.174,12.49,2024-09-25 10:00:00
2024-09-25 10:00:00,9.148,9.209,9.13,9.209,171.67,2024-09-25 11:00:00
2024-09-25 11:00:00,9.213,9.295,9.213,9.278,867.35,2024-09-25 12:00:00
2024-09-25 12:00:00,9.2,9.2,9.199,9.199,10.71,2024-09-25 13:00:00
2024-09-25 13:00:00,9.159,9.25,9.148,9.244,197.83,2024-09-25 14:00:00
2024-09-25 14:00:00,9.278,9.419,9.278,9.419,44.68,2024-09-25 15:00:00
2024-09-25 15:00:00,9.437,9.437,9.299,9.299,14.63,2024-09-25 16:00:00
2024-09-25 16:00:00,9.349,9.362,9.349,9.362,325.57,2024-09-25 17:00:00
2024-09-25 17:00:00,9.302,9.302,9.194,9.194,25.95,2024-09-25 18:00:00
2024-09-25 18:00:00,9.25,9.25,9.25,9.25,150.71,2024-09-25 19:00:00
2024-09-25 19:00:00,9.235,9.235,9.089,9.089,58.45,2024-09-25 20:00:00
2024-09-25 20:00:00,9.087,9.148,9.087,9.148,10.94,2024-09-25 21:00:00
2024-09-25 21:00:00,9.122,9.122,8.767,9.113,708.66,2024-09-25 22:00:00
2024-09-25 22:00:00,9.046,9.117,9.037,9.097,4.2,2024-09-25 23:00:00
2024-09-25 23:00:00,9.046,9.046,9.034,9.04,81.28,2024-09-26 00:00:00
2024-09-26 00:00:00,9.097,9.097,8.987,8.988,23.55,2024-09-26 01:00:00
2024-09-26 01:00:00,9.046,9.071,8.976,9.071,16.82,2024-09-26 02:00:00
2024-09-26 02:00:00,9.092,9.184,9.092,9.184,26.45,2024-09-26 03:00:00
2024-09-26 03:00:00,9.193,9.199,9.178,9.178,6.42,2024-09-26 04:00:00
2024-09-26 04:00:00,9.148,9.148,9.148,9.148,0.71,2024-09-26 05:00:00
2024-09-26 05:00:00,9.199,9.254,9.199,9.254,11.49,2024-09-26 06:00:00
2024-09-26 06:00:00,9.259,9.278,9.259,9.278,18.29,2024-09-26 07:00:00
2024-09-26 07:00:00,9.278,9.278,9.278,9.278,0.0,2024-09-26 08:00:00
2024-09-26 08:00:00,9.199,9.199,9.113,9.156,11.48,2024-09-26 09:00:00
2024-09-26 09:00:00,9.123,9.123,9.118,9.118,5.77,2024-09-26 10:00:00
2024-09-26 10:00:00,9.199,9.25,9.199,9.25,6.0,2024-09-26 11:00:00
2024-09-26 11:00:00,9.278,9.298,9.278,9.298,12.42,2024-09-26 12:00:00
2024-09-26 12:00:00,9.285,9.302,9.285,9.302,4.59,2024-09-26 13:00:00
2024-09-26 13:00:00,9.283,9.334,9.283,9.334,9.55,2024-09-26 14:00:00
2024-09-26 14:00:00,9.354,9.498,9.337,9.406,135.65,2024-09-26 15:00:00
2024-09-26 15:00:00,9.354,9.709,9.346,9.611,1561.09,2024-09-26 16:00:00
2024-09-26 16:00:00,9.565,9.618,9.565,9.59,77.85,2024-09-26 17:00:00
2024-09-26 17:00:00,9.59,9.619,9.456,9.456,56.15,2024-09-26 18:00:00
2024-09-26 18:00:00,9.447,9.525,9.447,9.525,7.33,2024-09-26 19:00:00
2024-09-26 19:00:00,9.539,9.539,9.459,9.459,41.75,2024-09-26 20:00:00
2024-09-26 20:00:00,9.441,9.441,9.42,9.425,20.23,2024-09-26 21:00:00
2024-09-26 21:00:00,9.499,9.566,9.499,9.566,41.82,2024-09-26 22:00:00
2024-09-26 22:00:00,9.603,9.608,9.526,9.526,24.22,2024-09-26 23:00:00
2024-09-26 23:00:00,9.527,9.527,9.441,9.512,12.93,2024-09-27 00:00:00
2024-09-27 00:00:00,9.474,9.474,9.425,9.425,13.24,2024-09-27 01:00:00
2024-09-27 01:00:00,9.425,9.48,9.384,9.384,268.41,2024-09-27 02:00:00
2024-09-27 02:00:00,9.375,9.375,9.346,9.346,20.28,2024-09-27 03:00:00
2024-09-27 03:00:00,9.327,9.406,9.316,9.405,34.47,2024-09-27 04:00:00
2024-09-27 04:00:00,9.459,9.467,9.459,9.467,5.16,2024-09-27 05:00:00
2024-09-27 05:00:00,9.499,9.499,9.499,9.499,1.18,2024-09-27 06:00:00
2024-09-27 06:00:00,9.515,9.675,9.515,9.618,140.92,2024-09-27 07:00:00
2024-09-27 07:00:00,9.565,9.565,9.516,9.516,16.16,2024-09-27 08:00:00
2024-09-27 08:00:00,9.579,9.579,9.579,9.579,1.25,2024-09-27 09:00:00
2024-09-27 09:00:00,9.618,9.658,9.491,9.491,117.61,2024-09-27 10:00:00
2024-09-27 10:00:00,9.489,9.489,9.354,9.354,204.71,2024-09-27 11:00:00
2024-09-27 11:00:00,9.406,9.459,9.405,9.459,33.23,2024-09-27 12:00:00
2024-09-27 12:00:00,9.499,9.638,9.499,9.638,45.84,2024-09-27 13:00:00
2024-09-27 13:00:00,9.603,9.616,9.475,9.475,289.7,2024-09-27 14:00:00
2024-09-27 14:00:00,9.612,9.786,9.612,9.786,111.5,2024-09-27 15:00:00
2024-09-27 15:00:00,9.79,9.79,9.79,9.79,5.06,2024-09-27 16:00:00
2024-09-27 16:00:00,9.808,9.866,9.808,9.866,44.07,2024-09-27 17:00:00
2024-09-27 17:00:00,9.89,9.915,9.726,9.89,50.94,2024-09-27 18:00:00
2024-09-27 18:00:00,9.907,9.907,9.822,9.822,3.4,2024-09-27 19:00:00
2024-09-27 19:00:00,9.822,9.822,9.814,9.814,28.49,2024-09-27 20:00:00
2024-09-27 20:00:00,9.835,9.835,9.835,9.835,5.51,2024-09-27 21:00:00
2024-09-27 21:00:00,9.851,9.851,9.851,9.851,12.0,2024-09-27 22:00:00
2024-09-27 22:00:00,9.889,9.89,9.88,9.89,4.79,2024-09-27 23:00:00
2024-09-27 23:00:00,9.908,9.97,9.89,9.89,57.94,2024-09-28 00:00:00
2024-09-28 00:00:00,9.887,9.903,9.849,9.903,43.74,2024-09-28 01:00:00
2024-09-28 01:00:00,9.873,9.873,9.83,9.83,12.95,2024-09-28 02:00:00
2024-09-28 02:00:00,9.89,9.98,9.89,9.912,17.38,2024-09-28 03:00:00
2024-09-28 03:00:00,9.94,9.94,9.89,9.899,426.17,2024-09-28 04:00:00
2024-09-28 04:00:00,9.946,10.05,9.946,10.0,232.63,2024-09-28 05:00:00
2024-09-28 05:00:00,9.946,9.946,9.856,9.856,36.44,2024-09-28 06:00:00
2024-09-28 06:00:00,9.869,9.869,9.829,9.829,14.21,2024-09-28 07:00:00
2024-09-28 07:00:00,9.89,9.903,9.89,9.903,56.31,2024-09-28 08:00:00
2024-09-28 08:00:00,9.835,9.835,9.726,9.726,43.91,2024-09-28 09:00:00
2024-09-28 09:00:00,9.693,9.699,9.599,9.672,50.66,2024-09-28 10:00:00
2024-09-28 10:00:00,9.726,9.858,9.726,9.858,38.66,2024-09-28 11:00:00
2024-09-28 11:00:00,9.781,9.781,9.781,9.781,0.66,2024-09-28 12:00:00
2024-09-28 12:00:00,9.732,9.732,9.726,9.726,4.97,2024-09-28 13:00:00
2024-09-28 13:00:00,9.693,9.693,9.654,9.671,15.2,2024-09-28 14:00:00
2024-09-28 14:00:00,9.726,9.858,9.441,9.828,824.2,2024-09-28 15:00:00
2024-09-28 15:00:00,9.781,9.781,9.781,9.781,0.66,2024-09-28 16:00:00
2024-09-28 16:00:00,9.726,9.726,9.618,9.618,21.13,2024-09-28 17:00:00
2024-09-28 17:00:00,9.65,9.701,9.65,9.701,387.93,2024-09-28 18:00:00
2024-09-28 18:00:00,9.701,9.701,9.701,9.701,0.0,2024-09-28 19:00:00
2024-09-28 19:00:00,9.701,9.701,9.701,9.701,0.0,2024-09-28 20:00:00
2024-09-28 20:00:00,9.67,9.67,9.651,9.651,14.33,2024-09-28 21:00:00
2024-09-28 21:00:00,9.621,9.628,9.558,9.568,53.08,2024-09-28 22:00:00
2024-09-28 22:00:00,9.618,9.618,9.618,9.618,0.68,2024-09-28 23:00:00
2024-09-28 23:00:00,9.618,9.618,9.618,9.618,0.0,2024-09-29 00:00:00
2024-09-29 00:00:00,9.691,9.691,9.691,9.691,10.41,2024-09-29 01:00:00
2024-09-29 01:00:00,9.565,9.618,9.565,9.618,1.36,2024-09-29 02:00:00
2024-09-29 02:00:00,9.654,9.726,9.654,9.726,86.53,2024-09-29 03:00:00
2024-09-29 03:00:00,9.69,9.76,9.684,9.76,49.25,2024-09-29 04:00:00
2024-09-29 04:00:00,9.76,9.76,9.76,9.76,0.0,2024-09-29 05:00:00
2024-09-29 05:00:00,9.702,9.702,9.685,9.685,82.0,2024-09-29 06:00:00
2024-09-29 06:00:00,9.634,9.634,9.618,9.618,5.03,2024-09-29 07:00:00
2024-09-29 07:00:00,9.607,9.607,9.526,9.526,21.13,2024-09-29 08:00:00
2024-09-29 08:00:00,9.618,9.618,9.618,9.618,0.68,2024-09-29 09:00:00
2024-09-29 09:00:00,9.66,9.709,9.66,9.679,21.3,2024-09-29 10:00:00
2024-09-29 10:00:00,9.585,9.585,9.585,9.585,4.37,2024-09-29 11:00:00
2024-09-29 11:00:00,9.585,9.585,9.585,9.585,0.0,2024-09-29 12:00:00
2024-09-29 12:00:00,9.597,9.597,9.537,9.537,179.66,2024-09-29 13:00:00
2024-09-29 13:00:00,9.537,9.618,9.526,9.618,1.87,2024-09-29 14:00:00
2024-09-29 14:00:00,9.618,9.618,9.53,9.53,70.35,2024-09-29 15:00:00
2024-09-29 15:00:00,9.503,9.521,9.491,9.521,8.88,2024-09-29 16:00:00
2024-09-29 16:00:00,9.531,9.531,9.473,9.473,9.79,2024-09-29 17:00:00
2024-09-29 17:00:00,9.612,9.766,9.612,9.766,44.05,2024-09-29 18:00:00
2024-09-29 18:00:00,9.766,9.766,9.766,9.766,0.0,2024-09-29 19:00:00
2024-09-29 19:00:00,9.676,9.678,9.674,9.678,5.57,2024-09-29 20:00:00
2024-09-29 20:00:00,9.769,9.769,9.634,9.634,19.96,2024-09-29 21:00:00
2024-09-29 21:00:00,9.775,9.822,9.772,9.772,47.81,2024-09-29 22:00:00
2024-09-29 22:00:00,9.772,9.772,9.772,9.772,0.0,2024-09-29 23:00:00
2024-09-29 23:00:00,9.683,9.683,9.541,9.541,40.28,2024-09-30 00:00:00
2024-09-30 00:00:00,9.537,9.537,9.384,9.459,310.08,2024-09-30 01:00:00
2024-09-30 01:00:00,9.547,9.566,9.365,9.365,15.24,2024-09-30 02:00:00
2024-09-30 02:00:00,9.363,9.406,9.302,9.302,83.42,2024-09-30 03:00:00
2024-09-30 03:00:00,9.296,9.36,9.277,9.36,20.74,2024-09-30 04:00:00
2024-09-30 04:00:00,9.38,9.38,9.302,9.354,12.07,2024-09-30 05:00:00
2024-09-30 05:00:00,9.383,9.406,9.36,9.406,146.9,2024-09-30 06:00:00
2024-09-30 06:00:00,9.433,9.52,9.406,9.406,36.06,2024-09-30 07:00:00
2024-09-30 07:00:00,9.459,9.459,9.459,9.459,0.69,2024-09-30 08:00:00
2024-09-30 08:00:00,9.406,9.406,9.406,9.406,0.69,2024-09-30 09:00:00
2024-09-30 09:00:00,9.359,9.369,9.285,9.285,13.95,2024-09-30 10:00:00
2024-09-30 10:00:00,9.263,9.272,9.181,9.209,56.51,2024-09-30 11:00:00
2024-09-30 11:00:00,9.25,9.25,9.199,9.199,1.42,2024-09-30 12:00:00
2024-09-30 12:00:00,9.25,9.25,9.199,9.25,2.13,2024-09-30 13:00:00
2024-09-30 13:00:00,9.259,9.259,9.257,9.257,7.65,2024-09-30 14:00:00
2024-09-30 14:00:00,9.199,9.199,9.147,9.199,16.57,2024-09-30 15:00:00
2024-09-30 15:00:00,9.25,9.266,9.089,9.089,18.1,2024-09-30 16:00:00
2024-09-30 16:00:00,9.148,9.148,9.097,9.097,1.44,2024-09-30 17:00:00
2024-09-30 17:00:00,9.148,9.148,9.148,9.148,0.72,2024-09-30 18:00:00
2024-09-30 18:00:00,9.097,9.097,9.045,9.097,10.05,2024-09-30 19:00:00
2024-09-30 19:00:00,9.116,9.148,9.116,9.148,1.72,2024-09-30 20:00:00
2024-09-30 20:00:00,9.145,9.2,9.015,9.164,761.83,2024-09-30 21:00:00
2024-09-30 21:00:00,9.148,9.148,9.117,9.117,1.21,2024-09-30 22:00:00
2024-09-30 22:00:00,9.097,9.097,9.051,9.051,1.79,2024-09-30 23:00:00
2024-09-30 23:00:00,9.046,9.046,8.917,8.996,85.95,2024-10-01 00:00:00
2024-10-01 00:00:00,8.946,9.049,8.946,9.049,4.62,2024-10-01 01:00:00
2024-10-01 01:00:00,9.097,9.122,9.097,9.122,7.17,2024-10-01 02:00:00
2024-10-01 02:00:00,9.046,9.097,9.046,9.097,1.44,2024-10-01 03:00:00
2024-10-01 03:00:00,9.148,9.245,9.148,9.245,21.9,2024-10-01 04:00:00
2024-10-01 04:00:00,9.25,9.286,9.227,9.286,40.04,2024-10-01 05:00:00
2024-10-01 05:00:00,9.274,9.274,9.19,9.19,44.25,2024-10-01 06:00:00
2024-10-01 06:00:00,9.25,9.329,9.25,9.329,34.29,2024-10-01 07:00:00
2024-10-01 07:00:00,9.354,9.392,9.354,9.392,20.89,2024-10-01 08:00:00
2024-10-01 08:00:00,9.399,9.406,9.354,9.354,3.48,2024-10-01 09:00:00
2024-10-01 09:00:00,9.31,9.31,9.302,9.302,3.07,2024-10-01 10:00:00
2024-10-01 10:00:00,9.302,9.302,9.302,9.302,0.0,2024-10-01 11:00:00
2024-10-01 11:00:00,9.25,9.25,9.229,9.229,2.47,2024-10-01 12:00:00
2024-10-01 12:00:00,9.209,9.209,9.178,9.178,18.42,2024-10-01 13:00:00
2024-10-01 13:00:00,9.171,9.171,8.946,9.046,144.8,2024-10-01 14:00:00
2024-10-01 14:00:00,8.996,8.996,8.798,8.798,270.59,2024-10-01 15:00:00
2024-10-01 15:00:00,8.788,8.788,8.459,8.7,661.62,2024-10-01 16:00:00
2024-10-01 16:00:00,8.652,8.749,8.461,8.604,129.23,2024-10-01 17:00:00
2024-10-01 17:00:00,8.556,8.556,8.092,8.466,131.04,2024-10-01 18:00:00
2024-10-01 18:00:00,8.414,8.461,8.367,8.367,3.09,2024-10-01 19:00:00
2024-10-01 19:00:00,8.311,8.422,8.309,8.367,62.24,2024-10-01 20:00:00
2024-10-01 20:00:00,8.276,8.341,8.136,8.305,324.28,2024-10-01 21:00:00
2024-10-01 21:00:00,8.228,8.274,8.228,8.274,1.58,2024-10-01 22:00:00
2024-10-01 22:00:00,8.274,8.274,8.274,8.274,0.0,2024-10-01 23:00:00
2024-10-01 23:00:00,8.318,8.318,8.315,8.315,59.0,2024-10-02 00:00:00
2024-10-02 00:00:00,8.315,8.315,8.315,8.315,0.0,2024-10-02 01:00:00
2024-10-02 01:00:00,8.367,8.448,8.367,8.448,15.83,2024-10-02 02:00:00
2024-10-02 02:00:00,8.434,8.492,8.434,8.492,104.28,2024-10-02 03:00:00
2024-10-02 03:00:00,8.484,8.484,8.412,8.431,89.33,2024-10-02 04:00:00
2024-10-02 04:00:00,8.378,8.38,8.349,8.349,107.81,2024-10-02 05:00:00
2024-10-02 05:00:00,8.369,8.369,8.323,8.323,15.93,2024-10-02 06:00:00
2024-10-02 06:00:00,8.311,8.433,8.309,8.433,4.47,2024-10-02 07:00:00
2024-10-02 07:00:00,8.367,8.414,8.367,8.367,17.37,2024-10-02 08:00:00
2024-10-02 08:00:00,8.414,8.414,8.414,8.414,0.78,2024-10-02 09:00:00
2024-10-02 09:00:00,8.367,8.367,8.228,8.228,14.62,2024-10-02 10:00:00
2024-10-02 10:00:00,8.274,8.284,8.228,8.228,4.18,2024-10-02 11:00:00
2024-10-02 11:00:00,8.196,8.228,8.136,8.228,22.14,2024-10-02 12:00:00
2024-10-02 12:00:00,8.183,8.191,8.092,8.092,104.7,2024-10-02 13:00:00
2024-10-02 13:00:00,8.137,8.235,8.072,8.235,88.68,2024-10-02 14:00:00
2024-10-02 14:00:00,8.22,8.274,8.183,8.183,52.44,2024-10-02 15:00:00
2024-10-02 15:00:00,8.228,8.274,8.228,8.274,1.14,2024-10-02 16:00:00
2024-10-02 16:00:00,8.274,8.306,8.228,8.228,50.7,2024-10-02 17:00:00
2024-10-02 17:00:00,8.183,8.183,8.171,8.171,1.99,2024-10-02 18:00:00
2024-10-02 18:00:00,8.137,8.137,7.95,7.965,98.38,2024-10-02 19:00:00
2024-10-02 19:00:00,7.954,8.009,7.897,7.989,42.69,2024-10-02 20:00:00
2024-10-02 20:00:00,7.958,8.047,7.913,8.047,7.16,2024-10-02 21:00:00
2024-10-02 21:00:00,8.002,8.002,7.953,7.953,34.92,2024-10-02 22:00:00
2024-10-02 22:00:00,7.955,8.002,7.897,8.002,20.22,2024-10-02 23:00:00
2024-10-02 23:00:00,7.999,7.999,7.999,7.999,3.0,2024-10-03 00:00:00
2024-10-03 00:00:00,7.958,8.047,7.958,8.047,50.41,2024-10-03 01:00:00
2024-10-03 01:00:00,8.086,8.13,8.086,8.13,45.37,2024-10-03 02:00:00
2024-10-03 02:00:00,8.132,8.157,8.132,8.157,40.97,2024-10-03 03:00:00
2024-10-03 03:00:00,8.157,8.157,8.157,8.157,0.0,2024-10-03 04:00:00
2024-10-03 04:00:00,8.092,8.166,8.092,8.166,2.87,2024-10-03 05:00:00
2024-10-03 05:00:00,8.133,8.133,8.085,8.085,47.44,2024-10-03 06:00:00
2024-10-03 06:00:00,8.085,8.085,8.085,8.085,0.0,2024-10-03 07:00:00
2024-10-03 07:00:00,8.047,8.047,7.979,8.004,104.13,2024-10-03 08:00:00
2024-10-03 08:00:00,7.967,7.967,7.826,7.826,539.55,2024-10-03 09:00:00
2024-10-03 09:00:00,7.801,7.959,7.763,7.935,225.5,2024-10-03 10:00:00
2024-10-03 10:00:00,7.939,7.979,7.899,7.979,56.59,2024-10-03 11:00:00
2024-10-03 11:00:00,8.002,8.002,7.958,7.958,1.64,2024-10-03 12:00:00
2024-10-03 12:00:00,7.869,7.869,7.826,7.868,7.67,2024-10-03 13:00:00
2024-10-03 13:00:00,7.803,7.918,7.781,7.899,163.63,2024-10-03 14:00:00
2024-10-03 14:00:00,7.958,8.009,7.829,7.829,45.59,2024-10-03 15:00:00
2024-10-03 15:00:00,7.826,7.826,7.721,7.826,51.56,2024-10-03 16:00:00
2024-10-03 16:00:00,7.863,7.863,7.693,7.782,13.95,2024-10-03 17:00:00
2024-10-03 17:00:00,7.808,7.898,7.808,7.898,15.6,2024-10-03 18:00:00
2024-10-03 18:00:00,7.918,7.918,7.918,7.918,1.33,2024-10-03 19:00:00
2024-10-03 19:00:00,7.958,7.981,7.958,7.981,75.74,2024-10-03 20:00:00
2024-10-03 20:00:00,8.002,8.009,7.927,7.927,38.98,2024-10-03 21:00:00
2024-10-03 21:00:00,7.927,7.927,7.927,7.927,0.0,2024-10-03 22:00:00
2024-10-03 22:00:00,8.002,8.029,8.002,8.029,10.7,2024-10-03 23:00:00
2024-10-03 23:00:00,8.047,8.047,8.002,8.002,1.62,2024-10-04 00:00:00
2024-10-04 00:00:00,8.002,8.002,8.002,8.002,0.0,2024-10-04 01:00:00
2024-10-04 01:00:00,8.047,8.167,8.047,8.167,24.96,2024-10-04 02:00:00
2024-10-04 02:00:00,8.171,8.171,8.092,8.092,342.45,2024-10-04 03:00:00
2024-10-04 03:00:00,8.076,8.076,8.036,8.036,25.18,2024-10-04 04:00:00
2024-10-04 04:00:00,8.092,8.137,8.092,8.137,11.73,2024-10-04 05:00:00
2024-10-04 05:00:00,8.171,8.183,8.171,8.183,67.5,2024-10-04 06:00:00
2024-10-04 06:00:00,8.2,8.218,8.2,8.218,6.82,2024-10-04 07:00:00
2024-10-04 07:00:00,8.137,8.183,8.137,8.183,1.6,2024-10-04 08:00:00
2024-10-04 08:00:00,8.223,8.274,8.223,8.228,26.76,2024-10-04 09:00:00
2024-10-04 09:00:00,8.193,8.193,8.183,8.183,12.98,2024-10-04 10:00:00
2024-10-04 10:00:00,8.179,8.18,8.179,8.18,128.64,2024-10-04 11:00:00
2024-10-04 11:00:00,8.18,8.18,8.18,8.18,0.0,2024-10-04 12:00:00
2024-10-04 12:00:00,8.228,8.228,8.183,8.228,4.0,2024-10-04 13:00:00
2024-10-04 13:00:00,8.274,8.316,8.229,8.229,12.96,2024-10-04 14:00:00
2024-10-04 14:00:00,8.228,8.242,8.136,8.242,14.44,2024-10-04 15:00:00
2024-10-04 15:00:00,8.258,8.316,8.258,8.316,4.54,2024-10-04 16:00:00
2024-10-04 16:00:00,8.334,8.384,8.334,8.384,33.39,2024-10-04 17:00:00
2024-10-04 17:00:00,8.372,8.373,8.368,8.369,63.64,2024-10-04 18:00:00
2024-10-04 18:00:00,8.369,8.369,8.369,8.369,0.0,2024-10-04 19:00:00
2024-10-04 19:00:00,8.41,8.414,8.384,8.414,32.14,2024-10-04 20:00:00
2024-10-04 20:00:00,8.433,8.433,8.433,8.433,0.14,2024-10-04 21:00:00
2024-10-04 21:00:00,8.433,8.433,8.433,8.433,1.11,2024-10-04 22:00:00
2024-10-04 22:00:00,8.433,8.433,8.433,8.433,0.0,2024-10-04 23:00:00
2024-10-04 23:00:00,8.367,8.371,8.353,8.371,3.46,2024-10-05 00:00:00
2024-10-05 00:00:00,8.366,8.366,8.322,8.322,10.8,2024-10-05 01:00:00
2024-10-05 01:00:00,8.309,8.309,8.292,8.292,2.76,2024-10-05 02:00:00
2024-10-05 02:00:00,8.274,8.274,8.228,8.228,7.04,2024-10-05 03:00:00
2024-10-05 03:00:00,8.202,8.228,8.183,8.228,13.98,2024-10-05 04:00:00
2024-10-05 04:00:00,8.228,8.228,8.228,8.228,0.0,2024-10-05 05:00:00
2024-10-05 05:00:00,8.274,8.328,8.274,8.328,5.09,2024-10-05 06:00:00
2024-10-05 06:00:00,8.328,8.328,8.328,8.328,0.0,2024-10-05 07:00:00
2024-10-05 07:00:00,8.328,8.328,8.328,8.328,0.0,2024-10-05 08:00:00
2024-10-05 08:00:00,8.328,8.328,8.328,8.328,0.0,2024-10-05 09:00:00
2024-10-05 09:00:00,8.328,8.328,8.328,8.328,0.0,2024-10-05 10:00:00
2024-10-05 10:00:00,8.252,8.252,8.252,8.252,21.9,2024-10-05 11:00:00
2024-10-05 11:00:00,8.232,8.232,8.194,8.194,7.56,2024-10-05 12:00:00
2024-10-05 12:00:00,8.194,8.194,8.194,8.194,0.0,2024-10-05 13:00:00
2024-10-05 13:00:00,8.274,8.274,8.274,8.274,0.42,2024-10-05 14:00:00
2024-10-05 14:00:00,8.193,8.193,8.185,8.187,93.8,2024-10-05 15:00:00
2024-10-05 15:00:00,8.187,8.187,8.187,8.187,4.55,2024-10-05 16:00:00
2024-10-05 16:00:00,8.183,8.183,8.136,8.136,14.92,2024-10-05 17:00:00
2024-10-05 17:00:00,8.183,8.185,8.169,8.169,27.46,2024-10-05 18:00:00
2024-10-05 18:00:00,8.212,8.212,8.212,8.212,12.67,2024-10-05 19:00:00
2024-10-05 19:00:00,8.137,8.181,8.114,8.127,206.95,2024-10-05 20:00:00
2024-10-05 20:00:00,8.112,8.112,8.079,8.079,9.62,2024-10-05 21:00:00
2024-10-05 21:00:00,8.079,8.079,8.079,8.079,0.0,2024-10-05 22:00:00
2024-10-05 22:00:00,8.177,8.206,8.073,8.206,28.86,2024-10-05 23:00:00
2024-10-05 23:00:00,8.206,8.206,8.206,8.206,0.0,2024-10-06 00:00:00
2024-10-06 00:00:00,8.206,8.206,8.206,8.206,0.0,2024-10-06 01:00:00
2024-10-06 01:00:00,8.228,8.274,8.228,8.274,10.76,2024-10-06 02:00:00
2024-10-06 02:00:00,8.274,8.274,8.274,8.274,0.0,2024-10-06 03:00:00
2024-10-06 03:00:00,8.26,8.26,8.172,8.172,81.35,2024-10-06 04:00:00
2024-10-06 04:00:00,8.142,8.142,8.136,8.136,3.58,2024-10-06 05:00:00
2024-10-06 05:00:00,8.136,8.136,8.136,8.136,0.0,2024-10-06 06:00:00
2024-10-06 06:00:00,8.183,8.183,8.156,8.156,3.71,2024-10-06 07:00:00
2024-10-06 07:00:00,8.156,8.156,8.156,8.156,0.0,2024-10-06 08:00:00
2024-10-06 08:00:00,8.156,8.156,8.156,8.156,0.0,2024-10-06 09:00:00
2024-10-06 09:00:00,8.166,8.166,8.166,8.166,3.96,2024-10-06 10:00:00
2024-10-06 10:00:00,8.236,8.236,8.186,8.186,11.0,2024-10-06 11:00:00
2024-10-06 11:00:00,8.201,8.261,8.201,8.261,12.55,2024-10-06 12:00:00
2024-10-06 12:00:00,8.256,8.257,7.836,8.257,422.46,2024-10-06 13:00:00
2024-10-06 13:00:00,8.258,8.297,8.258,8.297,3.76,2024-10-06 14:00:00
2024-10-06 14:00:00,8.287,8.388,8.287,8.388,36.04,2024-10-06 15:00:00
2024-10-06 15:00:00,8.388,8.388,8.388,8.388,0.0,2024-10-06 16:00:00
2024-10-06 16:00:00,8.414,8.491,8.384,8.384,79.23,2024-10-06 17:00:00
2024-10-06 17:00:00,8.384,8.384,8.384,8.384,0.0,2024-10-06 18:00:00
2024-10-06 18:00:00,8.384,8.384,8.384,8.384,0.0,2024-10-06 19:00:00
2024-10-06 19:00:00,8.461,8.461,8.414,8.414,1.54,2024-10-06 20:00:00
2024-10-06 20:00:00,8.414,8.414,8.414,8.414,0.0,2024-10-06 21:00:00
2024-10-06 21:00:00,8.461,8.461,8.361,8.414,33.9,2024-10-06 22:00:00
2024-10-06 22:00:00,8.414,8.414,8.414,8.414,0.0,2024-10-06 23:00:00
2024-10-06 23:00:00,8.461,8.508,8.461,8.508,11.32,2024-10-07 00:00:00
2024-10-07 00:00:00,8.512,8.583,8.461,8.583,143.29,2024-10-07 01:00:00
2024-10-07 01:00:00,8.585,8.643,8.507,8.643,31.28,2024-10-07 02:00:00
2024-10-07 02:00:00,8.643,8.643,8.643,8.643,0.0,2024-10-07 03:00:00
2024-10-07 03:00:00,8.556,8.556,8.491,8.491,5.22,2024-10-07 04:00:00
2024-10-07 04:00:00,8.49,8.49,8.49,8.49,3.86,2024-10-07 05:00:00
2024-10-07 05:00:00,8.485,8.485,8.445,8.445,6.02,2024-10-07 06:00:00
2024-10-07 06:00:00,8.445,8.445,8.445,8.445,0.0,2024-10-07 07:00:00
2024-10-07 07:00:00,8.489,8.489,8.489,8.489,7.09,2024-10-07 08:00:00
2024-10-07 08:00:00,8.439,8.444,8.412,8.412,27.15,2024-10-07 09:00:00
2024-10-07 09:00:00,8.4,8.4,8.262,8.262,47.97,2024-10-07 10:00:00
2024-10-07 10:00:00,8.251,8.274,8.196,8.274,13.08,2024-10-07 11:00:00
2024-10-07 11:00:00,8.28,8.28,8.228,8.274,63.09,2024-10-07 12:00:00
2024-10-07 12:00:00,8.228,8.228,8.169,8.183,18.66,2024-10-07 13:00:00
2024-10-07 13:00:00,8.228,8.316,8.228,8.23,381.21,2024-10-07 14:00:00
2024-10-07 14:00:00,8.328,8.481,8.328,8.414,91.6,2024-10-07 15:00:00
2024-10-07 15:00:00,8.384,8.45,8.353,8.37,39.87,2024-10-07 16:00:00
2024-10-07 16:00:00,8.353,8.353,8.322,8.322,2.91,2024-10-07 17:00:00
2024-10-07 17:00:00,8.414,8.419,8.414,8.419,2.24,2024-10-07 18:00:00
2024-10-07 18:00:00,8.367,8.367,8.172,8.172,49.34,2024-10-07 19:00:00
2024-10-07 19:00:00,8.228,8.299,8.228,8.299,33.45,2024-10-07 20:00:00
2024-10-07 20:00:00,8.228,8.228,8.184,8.184,111.35,2024-10-07 21:00:00
2024-10-07 21:00:00,8.274,8.274,8.274,8.274,0.79,2024-10-07 22:00:00
2024-10-07 22:00:00,8.228,8.228,8.136,8.136,42.31,2024-10-07 23:00:00
2024-10-07 23:00:00,8.112,8.146,8.044,8.044,30.04,2024-10-08 00:00:00
2024-10-08 00:00:00,8.086,8.146,8.086,8.146,8.62,2024-10-08 01:00:00
2024-10-08 01:00:00,8.053,8.053,8.053,8.053,0.37,2024-10-08 02:00:00
2024-10-08 02:00:00,8.136,8.136,8.136,8.136,7.38,2024-10-08 03:00:00
2024-10-08 03:00:00,8.17,8.17,8.162,8.162,24.08,2024-10-08 04:00:00
2024-10-08 04:00:00,8.177,8.183,8.088,8.129,13.99,2024-10-08 05:00:00
2024-10-08 05:00:00,8.083,8.083,8.023,8.023,18.95,2024-10-08 06:00:00
2024-10-08 06:00:00,8.002,8.06,8.002,8.06,2.92,2024-10-08 07:00:00
2024-10-08 07:00:00,8.085,8.085,7.965,8.022,32.99,2024-10-08 08:00:00
2024-10-08 08:00:00,8.022,8.022,8.022,8.022,0.0,2024-10-08 09:00:00
2024-10-08 09:00:00,7.99,8.057,7.99,8.057,363.94,2024-10-08 10:00:00
2024-10-08 10:00:00,8.057,8.057,8.057,8.057,0.0,2024-10-08 11:00:00
2024-10-08 11:00:00,8.086,8.111,8.086,8.111,19.19,2024-10-08 12:00:00
2024-10-08 12:00:00,8.111,8.111,8.111,8.111,0.0,2024-10-08 13:00:00
2024-10-08 13:00:00,8.002,8.117,7.982,8.117,14.39,2024-10-08 14:00:00
2024-10-08 14:00:00,8.137,8.171,7.994,8.087,29.14,2024-10-08 15:00:00
2024-10-08 15:00:00,8.002,8.029,7.911,8.029,36.26,2024-10-08 16:00:00
2024-10-08 16:00:00,8.045,8.096,8.045,8.096,12.22,2024-10-08 17:00:00
2024-10-08 17:00:00,8.002,8.002,7.965,7.97,49.53,2024-10-08 18:00:00
2024-10-08 18:00:00,8.047,8.057,7.958,7.958,5.48,2024-10-08 19:00:00
2024-10-08 19:00:00,8.002,8.004,8.002,8.002,10.81,2024-10-08 20:00:00
2024-10-08 20:00:00,8.016,8.016,8.016,8.016,57.0,2024-10-08 21:00:00
2024-10-08 21:00:00,8.047,8.057,8.047,8.057,2.33,2024-10-08 22:00:00
2024-10-08 22:00:00,8.039,8.039,8.002,8.002,41.53,2024-10-08 23:00:00
2024-10-08 23:00:00,7.965,7.965,7.958,7.958,2.34,2024-10-09 00:00:00
2024-10-09 00:00:00,8.002,8.002,8.002,8.002,0.82,2024-10-09 01:00:00
2024-10-09 01:00:00,8.047,8.057,8.04,8.04,44.33,2024-10-09 02:00:00
2024-10-09 02:00:00,8.002,8.002,8.002,8.002,0.81,2024-10-09 03:00:00
2024-10-09 03:00:00,8.021,8.021,8.021,8.021,24.17,2024-10-09 04:00:00
2024-10-09 04:00:00,8.047,8.047,8.047,8.047,0.81,2024-10-09 05:00:00
2024-10-09 05:00:00,8.047,8.047,8.047,8.047,0.0,2024-10-09 06:00:00
2024-10-09 06:00:00,8.086,8.098,8.086,8.098,5.09,2024-10-09 07:00:00
2024-10-09 07:00:00,8.002,8.002,7.936,7.936,25.56,2024-10-09 08:00:00
2024-10-09 08:00:00,8.002,8.002,7.958,7.958,1.64,2024-10-09 09:00:00
2024-10-09 09:00:00,7.923,7.923,7.923,7.923,1.25,2024-10-09 10:00:00
2024-10-09 10:00:00,7.923,7.923,7.923,7.923,0.0,2024-10-09 11:00:00
2024-10-09 11:00:00,7.923,7.923,7.923,7.923,0.0,2024-10-09 12:00:00
2024-10-09 12:00:00,7.921,7.921,7.85,7.85,141.3,2024-10-09 13:00:00
2024-10-09 13:00:00,7.836,7.836,7.829,7.829,3.82,2024-10-09 14:00:00
2024-10-09 14:00:00,7.826,7.85,7.821,7.845,31.32,2024-10-09 15:00:00
2024-10-09 15:00:00,7.912,8.028,7.912,8.028,27.57,2024-10-09 16:00:00
2024-10-09 16:00:00,7.958,7.958,7.913,7.913,36.85,2024-10-09 17:00:00
2024-10-09 17:00:00,7.907,7.907,7.907,7.907,1.54,2024-10-09 18:00:00
2024-10-09 18:00:00,7.907,7.907,7.85,7.85,78.15,2024-10-09 19:00:00
2024-10-09 19:00:00,7.85,7.85,7.85,7.85,0.0,2024-10-09 20:00:00
2024-10-09 20:00:00,7.836,7.836,7.747,7.747,114.67,2024-10-09 21:00:00
2024-10-09 21:00:00,7.747,7.747,7.747,7.747,0.0,2024-10-09 22:00:00
2024-10-09 22:00:00,7.791,7.826,7.791,7.826,12.89,2024-10-09 23:00:00
2024-10-09 23:00:00,7.854,7.854,7.854,7.854,1.6,2024-10-10 00:00:00
2024-10-10 00:00:00,7.854,7.854,7.854,7.854,0.0,2024-10-10 01:00:00
2024-10-10 01:00:00,7.863,7.922,7.836,7.836,14.55,2024-10-10 02:00:00
2024-10-10 02:00:00,7.836,7.836,7.836,7.836,0.0,2024-10-10 03:00:00
2024-10-10 03:00:00,7.836,7.836,7.836,7.836,0.0,2024-10-10 04:00:00
2024-10-10 04:00:00,7.836,7.836,7.836,7.836,0.0,2024-10-10 05:00:00
2024-10-10 05:00:00,7.838,7.941,7.837,7.941,119.28,2024-10-10 06:00:00
2024-10-10 06:00:00,7.885,7.885,7.885,7.885,3.69,2024-10-10 07:00:00
2024-10-10 07:00:00,7.885,7.885,7.885,7.885,0.0,2024-10-10 08:00:00
2024-10-10 08:00:00,7.85,7.85,7.85,7.85,1.55,2024-10-10 09:00:00
2024-10-10 09:00:00,7.826,7.826,7.747,7.747,14.94,2024-10-10 10:00:00
2024-10-10 10:00:00,7.826,7.891,7.826,7.891,6.56,2024-10-10 11:00:00
2024-10-10 11:00:00,7.912,7.941,7.912,7.941,9.47,2024-10-10 12:00:00
2024-10-10 12:00:00,7.958,7.958,7.85,7.941,4.74,2024-10-10 13:00:00
2024-10-10 13:00:00,7.958,7.983,7.878,7.958,44.42,2024-10-10 14:00:00
2024-10-10 14:00:00,7.913,7.913,7.85,7.85,7.87,2024-10-10 15:00:00
2024-10-10 15:00:00,7.85,7.85,7.85,7.85,0.0,2024-10-10 16:00:00
2024-10-10 16:00:00,7.941,7.941,7.941,7.941,1.55,2024-10-10 17:00:00
2024-10-10 17:00:00,7.867,7.927,7.795,7.795,32.49,2024-10-10 18:00:00
2024-10-10 18:00:00,7.795,7.941,7.721,7.941,545.77,2024-10-10 19:00:00
2024-10-10 19:00:00,7.958,7.983,7.913,7.983,42.85,2024-10-10 20:00:00
2024-10-10 20:00:00,7.998,8.016,7.982,7.982,16.73,2024-10-10 21:00:00
2024-10-10 21:00:00,8.027,8.08,8.027,8.08,11.99,2024-10-10 22:00:00
2024-10-10 22:00:00,8.002,8.002,7.97,7.97,18.65,2024-10-10 23:00:00
2024-10-10 23:00:00,7.97,7.97,7.97,7.97,0.0,2024-10-11 00:00:00
2024-10-11 00:00:00,8.047,8.047,8.047,8.047,0.81,2024-10-11 01:00:00
2024-10-11 01:00:00,8.002,8.047,8.002,8.047,14.11,2024-10-11 02:00:00
2024-10-11 02:00:00,8.086,8.087,8.086,8.087,2.82,2024-10-11 03:00:00
2024-10-11 03:00:00,8.091,8.098,8.024,8.094,20.38,2024-10-11 04:00:00
2024-10-11 04:00:00,8.024,8.024,8.008,8.008,16.13,2024-10-11 05:00:00
2024-10-11 05:00:00,8.008,8.008,8.008,8.008,131.1,2024-10-11 06:00:00
2024-10-11 06:00:00,8.008,8.008,8.008,8.008,0.0,2024-10-11 07:00:00
2024-10-11 07:00:00,8.008,8.008,8.008,8.008,0.0,2024-10-11 08:00:00
2024-10-11 08:00:00,8.008,8.008,8.008,8.008,0.0,2024-10-11 09:00:00
2024-10-11 09:00:00,8.003,8.003,8.003,8.003,1.89,2024-10-11 10:00:00
2024-10-11 10:00:00,8.002,8.002,7.994,7.994,6.34,2024-10-11 11:00:00
2024-10-11 11:00:00,7.994,7.994,7.994,7.994,0.0,2024-10-11 12:00:00
2024-10-11 12:00:00,7.994,7.994,7.994,7.994,0.0,2024-10-11 13:00:00
2024-10-11 13:00:00,8.047,8.047,8.047,8.047,0.81,2024-10-11 14:00:00
2024-10-11 14:00:00,8.087,8.087,8.087,8.087,1.52,2024-10-11 15:00:00
2024-10-11 15:00:00,8.1,8.123,8.024,8.05,32.15,2024-10-11 16:00:00
2024-10-11 16:00:00,8.05,8.05,8.05,8.05,0.0,2024-10-11 17:00:00
2024-10-11 17:00:00,8.056,8.14,8.056,8.14,24.28,2024-10-11 18:00:00
2024-10-11 18:00:00,8.143,8.146,8.055,8.055,32.75,2024-10-11 19:00:00
2024-10-11 19:00:00,8.064,8.183,8.056,8.161,172.13,2024-10-11 20:00:00
2024-10-11 20:00:00,8.161,8.188,8.161,8.186,84.83,2024-10-11 21:00:00
2024-10-11 21:00:00,8.2,8.24,8.137,8.24,26.69,2024-10-11 22:00:00
2024-10-11 22:00:00,8.183,8.183,8.183,8.183,0.8,2024-10-11 23:00:00
2024-10-11 23:00:00,8.142,8.142,8.137,8.137,6.22,2024-10-12 00:00:00
2024-10-12 00:00:00,8.112,8.206,8.107,8.206,4.87,2024-10-12 01:00:00
2024-10-12 01:00:00,8.206,8.306,8.107,8.274,169.13,2024-10-12 02:00:00
2024-10-12 02:00:00,8.263,8.263,8.202,8.202,3.68,2024-10-12 03:00:00
2024-10-12 03:00:00,8.183,8.183,8.169,8.169,11.45,2024-10-12 04:00:00
2024-10-12 04:00:00,8.175,8.175,8.175,8.175,16.91,2024-10-12 05:00:00
2024-10-12 05:00:00,8.175,8.175,8.175,8.175,0.0,2024-10-12 06:00:00
2024-10-12 06:00:00,8.175,8.175,8.175,8.175,0.0,2024-10-12 07:00:00
2024-10-12 07:00:00,8.175,8.175,8.175,8.175,0.0,2024-10-12 08:00:00
2024-10-12 08:00:00,8.175,8.175,8.175,8.175,0.0,2024-10-12 09:00:00
2024-10-12 09:00:00,8.142,8.142,8.142,8.142,1.05,2024-10-12 10:00:00
2024-10-12 10:00:00,8.201,8.235,8.201,8.235,133.78,2024-10-12 11:00:00
2024-10-12 11:00:00,8.235,8.235,8.235,8.235,0.0,2024-10-12 12:00:00
2024-10-12 12:00:00,8.183,8.208,8.183,8.208,426.01,2024-10-12 13:00:00
2024-10-12 13:00:00,8.208,8.228,8.183,8.183,1356.69,2024-10-12 14:00:00
2024-10-12 14:00:00,8.183,8.183,8.183,8.183,0.0,2024-10-12 15:00:00
2024-10-12 15:00:00,8.2,8.2,8.106,8.106,12.34,2024-10-12 16:00:00
2024-10-12 16:00:00,8.106,8.106,8.106,8.106,0.0,2024-10-12 17:00:00
2024-10-12 17:00:00,8.101,8.175,8.079,8.079,91.98,2024-10-12 18:00:00
2024-10-12 18:00:00,8.132,8.132,8.044,8.091,4132.82,2024-10-12 19:00:00
2024-10-12 19:00:00,8.083,8.083,8.083,8.083,10.6,2024-10-12 20:00:00
2024-10-12 20:00:00,8.04,8.04,8.03,8.03,1905.22,2024-10-12 21:00:00
2024-10-12 21:00:00,8.1,8.1,8.1,8.1,2.24,2024-10-12 22:00:00
2024-10-12 22:00:00,8.1,8.1,8.1,8.1,0.0,2024-10-12 23:00:00
2024-10-12 23:00:00,8.1,8.1,8.1,8.1,0.0,2024-10-13 00:00:00
2024-10-13 00:00:00,8.031,8.031,8.031,8.031,2.05,2024-10-13 01:00:00
2024-10-13 01:00:00,8.028,8.028,7.994,7.994,6.95,2024-10-13 02:00:00
2024-10-13 02:00:00,7.994,7.994,7.994,7.994,0.0,2024-10-13 03:00:00
2024-10-13 03:00:00,8.029,8.029,7.965,7.965,119.4,2024-10-13 04:00:00
2024-10-13 04:00:00,7.965,7.965,7.965,7.965,0.0,2024-10-13 05:00:00
2024-10-13 05:00:00,7.965,7.965,7.965,7.965,0.0,2024-10-13 06:00:00
2024-10-13 06:00:00,7.965,7.965,7.965,7.965,0.0,2024-10-13 07:00:00
2024-10-13 07:00:00,7.965,7.965,7.965,7.965,0.0,2024-10-13 08:00:00
2024-10-13 08:00:00,7.965,7.965,7.965,7.965,0.0,2024-10-13 09:00:00
2024-10-13 09:00:00,7.959,7.959,7.954,7.954,18.32,2024-10-13 10:00:00
2024-10-13 10:00:00,7.953,7.953,7.921,7.921,15.25,2024-10-13 11:00:00
2024-10-13 11:00:00,7.916,7.916,7.891,7.891,49.74,2024-10-13 12:00:00
2024-10-13 12:00:00,7.891,7.891,7.891,7.891,0.0,2024-10-13 13:00:00
2024-10-13 13:00:00,7.943,7.943,7.943,7.943,10.0,2024-10-13 14:00:00
2024-10-13 14:00:00,7.88,7.88,7.836,7.836,18.56,2024-10-13 15:00:00
2024-10-13 15:00:00,7.836,7.836,7.764,7.764,194.12,2024-10-13 16:00:00
2024-10-13 16:00:00,7.764,7.764,7.764,7.764,0.0,2024-10-13 17:00:00
2024-10-13 17:00:00,7.826,7.826,7.763,7.763,2.65,2024-10-13 18:00:00
2024-10-13 18:00:00,7.765,7.765,7.736,7.736,34.28,2024-10-13 19:00:00
2024-10-13 19:00:00,7.782,7.8,7.782,7.8,13.45,2024-10-13 20:00:00
2024-10-13 20:00:00,7.826,7.826,7.826,7.826,2.41,2024-10-13 21:00:00
2024-10-13 21:00:00,7.837,7.88,7.837,7.863,3.8,2024-10-13 22:00:00
2024-10-13 22:00:00,7.88,7.93,7.88,7.93,228.88,2024-10-13 23:00:00
2024-10-13 23:00:00,7.917,7.918,7.801,7.918,109.91,2024-10-14 00:00:00
2024-10-14 00:00:00,7.826,7.826,7.821,7.821,1.34,2024-10-14 01:00:00
2024-10-14 01:00:00,7.821,7.821,7.821,7.821,0.0,2024-10-14 02:00:00
2024-10-14 02:00:00,7.821,7.821,7.819,7.819,17.98,2024-10-14 03:00:00
2024-10-14 03:00:00,7.912,8.045,7.912,8.045,125.19,2024-10-14 04:00:00
2024-10-14 04:00:00,8.047,8.075,8.047,8.075,3.74,2024-10-14 05:00:00
2024-10-14 05:00:00,8.079,8.079,7.937,8.002,6.01,2024-10-14 06:00:00
2024-10-14 06:00:00,8.002,8.002,8.002,8.002,0.0,2024-10-14 07:00:00
2024-10-14 07:00:00,8.002,8.002,8.002,8.002,0.0,2024-10-14 08:00:00
2024-10-14 08:00:00,8.002,8.002,8.002,8.002,0.0,2024-10-14 09:00:00
2024-10-14 09:00:00,8.025,8.057,8.025,8.052,67.44,2024-10-14 10:00:00
2024-10-14 10:00:00,8.002,8.002,8.002,8.002,0.16,2024-10-14 11:00:00
2024-10-14 11:00:00,8.086,8.087,8.086,8.087,2.27,2024-10-14 12:00:00
2024-10-14 12:00:00,8.087,8.107,8.087,8.107,11.43,2024-10-14 13:00:00
2024-10-14 13:00:00,8.117,8.17,8.117,8.17,120.39,2024-10-14 14:00:00
2024-10-14 14:00:00,8.176,8.236,8.044,8.236,34.97,2024-10-14 15:00:00
